Pokémon,Gen,Category,Form Of,Shiny Exists?,RNG Shiny Hunt Possible?,Currently Huntable?,Bucket(A-E),Games / Platforms,Hunting Methods,Odds,Shiny Charm?,Pokémon GO Method,HOME Guaranteed Shiny?,Event-Only Shiny?,Notable Forms,Notes
Articuno,I,Legendary,—,Yes,Yes,Yes,"A (true hunt, current)","Brilliant Diamond/Shining Pearl, Let's Go Pikachu/Eevee, Pokémon GO, Sword/Shield (Crown Tundra), Ultra Sun/Ultra Moon",Sword/Shield (Crown Tundra): Dynamax Adventure boss (soft-resettable reward) | Ultra Sun/Ultra Moon: Ultra Space Wilds static (soft-reset) | Brilliant Diamond/Shining Pearl: Ramanas Park slate static (soft-reset) | Let's Go Pikachu/Eevee: Overworld static (soft-reset) | Pokémon GO: Legendary 5-star raid (RNG per raid),Sword/Shield (Crown Tundra) 1/300->1/100 | Ultra Sun/Ultra Moon 1/4096->1/1365 | Brilliant Diamond/Shining Pearl 1/4096->1/4096 | Let's Go Pikachu/Eevee 1/4096->1/1365 | Pokémon GO ~1/20,Yes (1/300 -> 1/100; applies to boss); Yes (1/4096 -> 1/1365; wormhole DISTANCE does NOT boost legendary odds); No effect (BDSP Charm boosts Masuda eggs only); Yes; n/a (GO has no Shiny Charm),Legendary raids (shiny since Jul 2019); ~1/20; rotates,No,No,"Galarian Articuno — see its own row (Gen VIII, GO-only shiny)","Kanto birds broadly huntable. Galarian Articuno (Gen 8) is a separate, shiny-locked static in SwSh but shiny via GO Daily Adventure Incense."
Zapdos,I,Legendary,—,Yes,Yes,Yes,"A (true hunt, current)","Brilliant Diamond/Shining Pearl, Let's Go Pikachu/Eevee, Pokémon GO, Sword/Shield (Crown Tundra), Ultra Sun/Ultra Moon",Sword/Shield (Crown Tundra): Dynamax Adventure boss (soft-resettable reward) | Ultra Sun/Ultra Moon: Ultra Space Wilds static (soft-reset) | Brilliant Diamond/Shining Pearl: Ramanas Park slate static (soft-reset) | Let's Go Pikachu/Eevee: Overworld static (soft-reset) | Pokémon GO: Legendary 5-star raid (RNG per raid),Sword/Shield (Crown Tundra) 1/300->1/100 | Ultra Sun/Ultra Moon 1/4096->1/1365 | Brilliant Diamond/Shining Pearl 1/4096->1/4096 | Let's Go Pikachu/Eevee 1/4096->1/1365 | Pokémon GO ~1/20,Yes (1/300 -> 1/100; applies to boss); Yes (1/4096 -> 1/1365; wormhole DISTANCE does NOT boost legendary odds); No effect (BDSP Charm boosts Masuda eggs only); Yes; n/a (GO has no Shiny Charm),Legendary raids (shiny since Jul 2019); ~1/20; rotates,No,No,"Galarian Zapdos — see its own row (Gen VIII, GO-only shiny)",See Articuno note re: Galarian form.
Moltres,I,Legendary,—,Yes,Yes,Yes,"A (true hunt, current)","Brilliant Diamond/Shining Pearl, Let's Go Pikachu/Eevee, Pokémon GO, Sword/Shield (Crown Tundra), Ultra Sun/Ultra Moon",Sword/Shield (Crown Tundra): Dynamax Adventure boss (soft-resettable reward) | Ultra Sun/Ultra Moon: Ultra Space Wilds static (soft-reset) | Brilliant Diamond/Shining Pearl: Ramanas Park slate static (soft-reset) | Let's Go Pikachu/Eevee: Overworld static (soft-reset) | Pokémon GO: Legendary 5-star raid (RNG per raid),Sword/Shield (Crown Tundra) 1/300->1/100 | Ultra Sun/Ultra Moon 1/4096->1/1365 | Brilliant Diamond/Shining Pearl 1/4096->1/4096 | Let's Go Pikachu/Eevee 1/4096->1/1365 | Pokémon GO ~1/20,Yes (1/300 -> 1/100; applies to boss); Yes (1/4096 -> 1/1365; wormhole DISTANCE does NOT boost legendary odds); No effect (BDSP Charm boosts Masuda eggs only); Yes; n/a (GO has no Shiny Charm),Legendary raids (shiny since Jul 2019); ~1/20; rotates,No,No,"Galarian Moltres — see its own row (Gen VIII, GO-only shiny)",See Articuno note re: Galarian form.
Mewtwo,I,Legendary,—,Yes,Yes,Yes,"A (true hunt, current)","Brilliant Diamond/Shining Pearl, Let's Go Pikachu/Eevee, Pokémon GO, Sword/Shield (Crown Tundra), Ultra Sun/Ultra Moon",Ultra Sun/Ultra Moon: Ultra Space Wilds static (soft-reset) | Brilliant Diamond/Shining Pearl: Ramanas Park slate static (soft-reset) | Let's Go Pikachu/Eevee: Cerulean Cave static (soft-reset) | Sword/Shield (Crown Tundra): Dynamax Adventure special boss [LOCKED] | Pokémon GO: Legendary 5-star raid (RNG per raid),Ultra Sun/Ultra Moon 1/4096->1/1365 | Brilliant Diamond/Shining Pearl 1/4096->1/4096 | Let's Go Pikachu/Eevee 1/4096->1/1365 | Pokémon GO ~1/20,Yes (1/4096 -> 1/1365; wormhole DISTANCE does NOT boost legendary odds); No effect (BDSP Charm boosts Masuda eggs only); Yes; n/a (GO has no Shiny Charm),Legendary raids (shiny since Sep 2019); Mega X/Y shiny GO Fest 2026; ~1/20,No,No,—,"Huntable via USUM, Ramanas Park, LGPE, and GO raids. NOTE its Dynamax Adventure form is shiny-locked."
Mew,I,Mythical,—,Yes,Yes,No (historical only),"E (hunt, historical only)","Emerald (Japan, Old Sea Map), Other events, Pokémon GO","Emerald (Japan, Old Sea Map): Faraway Island static (soft-reset) | Pokémon GO: Masterwork Research 'All-in-One #151' (guaranteed shiny reward) | Other events: Distribution [LOCKED]","Emerald (Japan, Old Sea Map) 1/8192 | Pokémon GO 100% (guaranteed)",No charm pre-Gen6,Shiny via 'All-in-One #151' Masterwork (guaranteed; $5). Not RNG-huntable in GO.,No,No,—,"Correction: shiny Mew IS a (historical) self-catch hunt via the Japan-only Old Sea Map (Faraway Island, Emerald), 1/8192 — long discontinued. Also a guaranteed GO Masterwork shiny."
Raikou,II,Legendary,—,Yes,Yes,Yes,"A (true hunt, current)","Brilliant Diamond/Shining Pearl, Crystal (Virtual Console) / HGSS, Omega Ruby/Alpha Sapphire, Pokémon GO, Sword/Shield (Crown Tundra), Ultra Sun/Ultra Moon",Sword/Shield (Crown Tundra): Dynamax Adventure boss (soft-resettable reward) | Ultra Sun/Ultra Moon: Ultra Space Wilds static (soft-reset) | Brilliant Diamond/Shining Pearl: Ramanas Park slate static (soft-reset) | Omega Ruby/Alpha Sapphire: Mirage Spot static / Soaring (soft-reset) | Crystal (Virtual Console) / HGSS: Roaming (DVs/PID lock on first sighting) | Pokémon GO: Legendary 5-star raid (RNG per raid),Sword/Shield (Crown Tundra) 1/300->1/100 | Ultra Sun/Ultra Moon 1/4096->1/1365 | Brilliant Diamond/Shining Pearl 1/4096->1/4096 | Omega Ruby/Alpha Sapphire 1/4096->1/1365 | Crystal (Virtual Console) / HGSS 1/8192 | Pokémon GO ~1/20,Yes (1/300 -> 1/100; applies to boss); Yes (1/4096 -> 1/1365; wormhole DISTANCE does NOT boost legendary odds); No effect (BDSP Charm boosts Masuda eggs only); Yes (1/4096 -> 1/1365); No charm pre-Gen6; n/a (GO has no Shiny Charm),Legendary raids (shiny since Jun 2019); ~1/20; rotates,No,No,—,Legendary beasts huntable via many modern routes.
Entei,II,Legendary,—,Yes,Yes,Yes,"A (true hunt, current)","Brilliant Diamond/Shining Pearl, Crystal (VC) / HGSS, Omega Ruby/Alpha Sapphire, Pokémon GO, Sword/Shield (Crown Tundra), Ultra Sun/Ultra Moon",Sword/Shield (Crown Tundra): Dynamax Adventure boss (soft-resettable reward) | Ultra Sun/Ultra Moon: Ultra Space Wilds static (soft-reset) | Brilliant Diamond/Shining Pearl: Ramanas Park slate static (soft-reset) | Omega Ruby/Alpha Sapphire: Mirage Spot static / Soaring (soft-reset) | Crystal (VC) / HGSS: Roaming (locks on first sighting) | Pokémon GO: Legendary 5-star raid (RNG per raid),Sword/Shield (Crown Tundra) 1/300->1/100 | Ultra Sun/Ultra Moon 1/4096->1/1365 | Brilliant Diamond/Shining Pearl 1/4096->1/4096 | Omega Ruby/Alpha Sapphire 1/4096->1/1365 | Crystal (VC) / HGSS 1/8192 | Pokémon GO ~1/20,Yes (1/300 -> 1/100; applies to boss); Yes (1/4096 -> 1/1365; wormhole DISTANCE does NOT boost legendary odds); No effect (BDSP Charm boosts Masuda eggs only); Yes (1/4096 -> 1/1365); No charm pre-Gen6; n/a (GO has no Shiny Charm),Legendary raids (shiny since Jul 2019); ~1/20; rotates,No,No,—,
Suicune,II,Legendary,—,Yes,Yes,Yes,"A (true hunt, current)","Brilliant Diamond/Shining Pearl, Crystal (VC), Omega Ruby/Alpha Sapphire, Pokémon GO, Sword/Shield (Crown Tundra), Ultra Sun/Ultra Moon",Sword/Shield (Crown Tundra): Dynamax Adventure boss (soft-resettable reward) | Ultra Sun/Ultra Moon: Ultra Space Wilds static (soft-reset) | Brilliant Diamond/Shining Pearl: Ramanas Park slate static (soft-reset) | Omega Ruby/Alpha Sapphire: Mirage Spot static / Soaring (soft-reset) | Crystal (VC): Tin Tower static (soft-reset) | Pokémon GO: Legendary 5-star raid (RNG per raid),Sword/Shield (Crown Tundra) 1/300->1/100 | Ultra Sun/Ultra Moon 1/4096->1/1365 | Brilliant Diamond/Shining Pearl 1/4096->1/4096 | Omega Ruby/Alpha Sapphire 1/4096->1/1365 | Crystal (VC) 1/8192 | Pokémon GO ~1/20,Yes (1/300 -> 1/100; applies to boss); Yes (1/4096 -> 1/1365; wormhole DISTANCE does NOT boost legendary odds); No effect (BDSP Charm boosts Masuda eggs only); Yes (1/4096 -> 1/1365); No charm pre-Gen6; n/a (GO has no Shiny Charm),Legendary raids (shiny since Aug 2019); ~1/20; rotates,No,No,—,"Static (soft-resettable) in Crystal, roams in G/S."
Lugia,II,Legendary,—,Yes,Yes,Yes,"A (true hunt, current)","Brilliant Diamond/Shining Pearl, Gen 3 (event) / HGSS / Crystal, Pokémon GO, Sword/Shield (Crown Tundra), Ultra Sun/Ultra Moon",Sword/Shield (Crown Tundra): Dynamax Adventure boss (soft-resettable reward) | Ultra Sun/Ultra Moon: Ultra Space Wilds static (soft-reset) | Brilliant Diamond/Shining Pearl: Ramanas Park slate static (soft-reset) | Gen 3 (event) / HGSS / Crystal: Navel Rock / Whirl Islands static (soft-reset) | Pokémon GO: Legendary 5-star raid (RNG per raid),Sword/Shield (Crown Tundra) 1/300->1/100 | Ultra Sun/Ultra Moon 1/4096->1/1365 | Brilliant Diamond/Shining Pearl 1/4096->1/4096 | Gen 3 (event) / HGSS / Crystal 1/8192 | Pokémon GO ~1/20,Yes (1/300 -> 1/100; applies to boss); Yes (1/4096 -> 1/1365; wormhole DISTANCE does NOT boost legendary odds); No effect (BDSP Charm boosts Masuda eggs only); No charm pre-Gen6; n/a (GO has no Shiny Charm),Legendary raids (shiny since Mar 2018 — first shiny legendary in GO); ~1/20,No,No,—,"Ramanas Park (Squall Slate, Shining Pearl)."
Ho-Oh,II,Legendary,—,Yes,Yes,Yes,"A (true hunt, current)","Brilliant Diamond/Shining Pearl, Gen 3 (event) / HGSS / Crystal, Pokémon GO, Sword/Shield (Crown Tundra), Ultra Sun/Ultra Moon",Sword/Shield (Crown Tundra): Dynamax Adventure boss (soft-resettable reward) | Ultra Sun/Ultra Moon: Ultra Space Wilds static (soft-reset) | Brilliant Diamond/Shining Pearl: Ramanas Park slate static (soft-reset) | Gen 3 (event) / HGSS / Crystal: Navel Rock / Tin Tower static (soft-reset) | Pokémon GO: Legendary 5-star raid (RNG per raid),Sword/Shield (Crown Tundra) 1/300->1/100 | Ultra Sun/Ultra Moon 1/4096->1/1365 | Brilliant Diamond/Shining Pearl 1/4096->1/4096 | Gen 3 (event) / HGSS / Crystal 1/8192 | Pokémon GO ~1/20,Yes (1/300 -> 1/100; applies to boss); Yes (1/4096 -> 1/1365; wormhole DISTANCE does NOT boost legendary odds); No effect (BDSP Charm boosts Masuda eggs only); No charm pre-Gen6; n/a (GO has no Shiny Charm),Legendary raids (shiny since May 2018); ~1/20; rotates,No,No,—,"Ramanas Park (Rainbow Slate, Brilliant Diamond)."
Celebi,II,Mythical,—,Yes,Yes,No (historical only),"E (hunt, historical only)","Crystal (Virtual Console), Pokémon GO",Crystal (Virtual Console): GS Ball event static (soft-reset) | Pokémon GO: Special Research 'Distracted by Something Shiny' (re-run as Masterwork) (guaranteed shiny reward),Crystal (Virtual Console) 1/8192 | Pokémon GO 100% (guaranteed),No charm pre-Gen6,Shiny via Special/Masterwork Research (guaranteed). Not RNG in GO.,No,No,—,Rare Mythical with a real (historical) RNG hunt: VC Crystal GS-Ball Celebi. No longer accessible (VC discontinued).
Regirock,III,Legendary,—,Yes,Yes,Yes,"A (true hunt, current)","Brilliant Diamond/Shining Pearl, Omega Ruby/Alpha Sapphire, Pokémon GO, Ruby/Sapphire/Emerald, Sword/Shield (Crown Tundra), Ultra Sun/Ultra Moon",Sword/Shield (Crown Tundra): Dynamax Adventure boss (soft-resettable reward) | Ultra Sun/Ultra Moon: Ultra Space Wilds static (soft-reset) | Brilliant Diamond/Shining Pearl: Ramanas Park slate static (soft-reset) | Omega Ruby/Alpha Sapphire: Mirage Spot static / Soaring (soft-reset) | Sword/Shield (Crown Tundra): Regi puzzle static (soft-reset) | Ruby/Sapphire/Emerald: Sealed chamber static (soft-reset) | Pokémon GO: Legendary 5-star raid (RNG per raid),Sword/Shield (Crown Tundra) 1/300->1/100 | Ultra Sun/Ultra Moon 1/4096->1/1365 | Brilliant Diamond/Shining Pearl 1/4096->1/4096 | Omega Ruby/Alpha Sapphire 1/4096->1/1365 | Sword/Shield (Crown Tundra) 1/4096->1/1365 | Ruby/Sapphire/Emerald 1/8192 | Pokémon GO ~1/20,Yes (1/300 -> 1/100; applies to boss); Yes (1/4096 -> 1/1365; wormhole DISTANCE does NOT boost legendary odds); No effect (BDSP Charm boosts Masuda eggs only); Yes (1/4096 -> 1/1365); No charm pre-Gen6; n/a (GO has no Shiny Charm),Legendary raids (shiny since Nov 2019); ~1/20; rotates,No,No,—,"One of the most route-rich hunts (DA, USUM, BDSP, ORAS, SwSh static, GO)."
Regice,III,Legendary,—,Yes,Yes,Yes,"A (true hunt, current)","Brilliant Diamond/Shining Pearl, Omega Ruby/Alpha Sapphire, Pokémon GO, Ruby/Sapphire/Emerald, Sword/Shield (Crown Tundra), Ultra Sun/Ultra Moon",Sword/Shield (Crown Tundra): Dynamax Adventure boss (soft-resettable reward) | Ultra Sun/Ultra Moon: Ultra Space Wilds static (soft-reset) | Brilliant Diamond/Shining Pearl: Ramanas Park slate static (soft-reset) | Omega Ruby/Alpha Sapphire: Mirage Spot static / Soaring (soft-reset) | Sword/Shield (Crown Tundra): Regi puzzle static (soft-reset) | Ruby/Sapphire/Emerald: Sealed chamber static (soft-reset) | Pokémon GO: Legendary 5-star raid (RNG per raid),Sword/Shield (Crown Tundra) 1/300->1/100 | Ultra Sun/Ultra Moon 1/4096->1/1365 | Brilliant Diamond/Shining Pearl 1/4096->1/4096 | Omega Ruby/Alpha Sapphire 1/4096->1/1365 | Sword/Shield (Crown Tundra) 1/4096->1/1365 | Ruby/Sapphire/Emerald 1/8192 | Pokémon GO ~1/20,Yes (1/300 -> 1/100; applies to boss); Yes (1/4096 -> 1/1365; wormhole DISTANCE does NOT boost legendary odds); No effect (BDSP Charm boosts Masuda eggs only); Yes (1/4096 -> 1/1365); No charm pre-Gen6; n/a (GO has no Shiny Charm),Legendary raids (shiny since Nov 2019); ~1/20; rotates,No,No,—,"One of the most route-rich hunts (DA, USUM, BDSP, ORAS, SwSh static, GO)."
Registeel,III,Legendary,—,Yes,Yes,Yes,"A (true hunt, current)","Brilliant Diamond/Shining Pearl, Omega Ruby/Alpha Sapphire, Pokémon GO, Ruby/Sapphire/Emerald, Sword/Shield (Crown Tundra), Ultra Sun/Ultra Moon",Sword/Shield (Crown Tundra): Dynamax Adventure boss (soft-resettable reward) | Ultra Sun/Ultra Moon: Ultra Space Wilds static (soft-reset) | Brilliant Diamond/Shining Pearl: Ramanas Park slate static (soft-reset) | Omega Ruby/Alpha Sapphire: Mirage Spot static / Soaring (soft-reset) | Sword/Shield (Crown Tundra): Regi puzzle static (soft-reset) | Ruby/Sapphire/Emerald: Sealed chamber static (soft-reset) | Pokémon GO: Legendary 5-star raid (RNG per raid),Sword/Shield (Crown Tundra) 1/300->1/100 | Ultra Sun/Ultra Moon 1/4096->1/1365 | Brilliant Diamond/Shining Pearl 1/4096->1/4096 | Omega Ruby/Alpha Sapphire 1/4096->1/1365 | Sword/Shield (Crown Tundra) 1/4096->1/1365 | Ruby/Sapphire/Emerald 1/8192 | Pokémon GO ~1/20,Yes (1/300 -> 1/100; applies to boss); Yes (1/4096 -> 1/1365; wormhole DISTANCE does NOT boost legendary odds); No effect (BDSP Charm boosts Masuda eggs only); Yes (1/4096 -> 1/1365); No charm pre-Gen6; n/a (GO has no Shiny Charm),Legendary raids (shiny since Nov 2019); ~1/20; rotates,No,No,—,"One of the most route-rich hunts (DA, USUM, BDSP, ORAS, SwSh static, GO)."
Latias,III,Legendary,—,Yes,Yes,Yes,"A (true hunt, current)","Legends: Z-A (Mega Dimension DLC, 2026), Omega Ruby/Alpha Sapphire, Pokémon GO, Ruby/Sapphire/Emerald, Scarlet/Violet (Indigo Disk), Sword/Shield (Crown Tundra), Ultra Sun/Ultra Moon","Sword/Shield (Crown Tundra): Dynamax Adventure boss (soft-resettable reward) | Ultra Sun/Ultra Moon: Ultra Space Wilds static (soft-reset) | Omega Ruby/Alpha Sapphire: Mirage Spot static / Soaring (soft-reset) | Legends: Z-A (Mega Dimension DLC, 2026): 5-star Hyperspace Distortion (run-back reroll) | Ruby/Sapphire/Emerald: Roaming / Southern Island static | Scarlet/Violet (Indigo Disk): Static [LOCKED] | Pokémon GO: Legendary 5-star raid (RNG per raid)","Sword/Shield (Crown Tundra) 1/300->1/100 | Ultra Sun/Ultra Moon 1/4096->1/1365 | Omega Ruby/Alpha Sapphire 1/4096->1/1365 | Legends: Z-A (Mega Dimension DLC, 2026) ~1/4096 base->up to ~1/585 | Ruby/Sapphire/Emerald 1/8192 | Pokémon GO ~1/20",Yes (1/300 -> 1/100; applies to boss); Yes (1/4096 -> 1/1365; wormhole DISTANCE does NOT boost legendary odds); Yes (1/4096 -> 1/1365); Yes; stacks with Sparkling Power Lv3 donut (-> ~1/585); No charm pre-Gen6; n/a (GO has no Shiny Charm),Legendary raids (shiny since Feb 2019); ~1/20; rotates,No,No,—,NEW 2026: shiny-huntable in Legends Z-A Mega Dimension Hyperspace Distortions (first found shiny there).
Latios,III,Legendary,—,Yes,Yes,Yes,"A (true hunt, current)","Legends: Z-A (Mega Dimension DLC, 2026), Omega Ruby/Alpha Sapphire, Pokémon GO, Ruby/Sapphire/Emerald, Scarlet/Violet (Indigo Disk), Sword/Shield (Crown Tundra), Ultra Sun/Ultra Moon","Sword/Shield (Crown Tundra): Dynamax Adventure boss (soft-resettable reward) | Ultra Sun/Ultra Moon: Ultra Space Wilds static (soft-reset) | Omega Ruby/Alpha Sapphire: Mirage Spot static / Soaring (soft-reset) | Legends: Z-A (Mega Dimension DLC, 2026): 5-star Hyperspace Distortion (run-back reroll) | Ruby/Sapphire/Emerald: Roaming / Southern Island static | Scarlet/Violet (Indigo Disk): Static [LOCKED] | Pokémon GO: Legendary 5-star raid (RNG per raid)","Sword/Shield (Crown Tundra) 1/300->1/100 | Ultra Sun/Ultra Moon 1/4096->1/1365 | Omega Ruby/Alpha Sapphire 1/4096->1/1365 | Legends: Z-A (Mega Dimension DLC, 2026) ~1/4096 base->up to ~1/585 | Ruby/Sapphire/Emerald 1/8192 | Pokémon GO ~1/20",Yes (1/300 -> 1/100; applies to boss); Yes (1/4096 -> 1/1365; wormhole DISTANCE does NOT boost legendary odds); Yes (1/4096 -> 1/1365); Yes; stacks with Sparkling Power Lv3 donut (-> ~1/585); No charm pre-Gen6; n/a (GO has no Shiny Charm),Legendary raids (shiny since Apr 2019); ~1/20; rotates,No,No,—,NEW 2026: shiny-huntable in Legends Z-A Mega Dimension Hyperspace Distortions.
Kyogre,III,Legendary,—,Yes,Yes,Yes,"A (true hunt, current)","Brilliant Diamond/Shining Pearl, Pokémon GO, Ruby/Sapphire/Emerald, Sword/Shield (Crown Tundra), Ultra Sun/Ultra Moon",Sword/Shield (Crown Tundra): Dynamax Adventure boss (soft-resettable reward) | Ultra Sun/Ultra Moon: Ultra Space Wilds static (soft-reset) | Brilliant Diamond/Shining Pearl: Ramanas Park slate static (soft-reset) | Ruby/Sapphire/Emerald: Story static (soft-reset) | Pokémon GO: Legendary 5-star raid (RNG per raid),Sword/Shield (Crown Tundra) 1/300->1/100 | Ultra Sun/Ultra Moon 1/4096->1/1365 | Brilliant Diamond/Shining Pearl 1/4096->1/4096 | Ruby/Sapphire/Emerald 1/8192 | Pokémon GO ~1/20,Yes (1/300 -> 1/100; applies to boss); Yes (1/4096 -> 1/1365; wormhole DISTANCE does NOT boost legendary odds); No effect (BDSP Charm boosts Masuda eggs only); No charm pre-Gen6; n/a (GO has no Shiny Charm),Legendary raids (shiny 2019); ~1/20; rotates,No,No,—,ORAS weather-trio encounter is shiny-locked; Gen3 originals + DA/USUM/BDSP/GO are huntable.
Groudon,III,Legendary,—,Yes,Yes,Yes,"A (true hunt, current)","Brilliant Diamond/Shining Pearl, Pokémon GO, Ruby/Sapphire/Emerald, Sword/Shield (Crown Tundra), Ultra Sun/Ultra Moon",Sword/Shield (Crown Tundra): Dynamax Adventure boss (soft-resettable reward) | Ultra Sun/Ultra Moon: Ultra Space Wilds static (soft-reset) | Brilliant Diamond/Shining Pearl: Ramanas Park slate static (soft-reset) | Ruby/Sapphire/Emerald: Story static (soft-reset) | Pokémon GO: Legendary 5-star raid (RNG per raid),Sword/Shield (Crown Tundra) 1/300->1/100 | Ultra Sun/Ultra Moon 1/4096->1/1365 | Brilliant Diamond/Shining Pearl 1/4096->1/4096 | Ruby/Sapphire/Emerald 1/8192 | Pokémon GO ~1/20,Yes (1/300 -> 1/100; applies to boss); Yes (1/4096 -> 1/1365; wormhole DISTANCE does NOT boost legendary odds); No effect (BDSP Charm boosts Masuda eggs only); No charm pre-Gen6; n/a (GO has no Shiny Charm),Legendary raids (shiny since Jan 2019); ~1/20; rotates,No,No,—,ORAS encounter shiny-locked; huntable via DA/USUM/BDSP/GO + Gen3 originals.
Rayquaza,III,Legendary,—,Yes,Yes,Yes,"A (true hunt, current)","Pokémon GO, Ruby/Sapphire/Emerald, Sword/Shield (Crown Tundra), Ultra Sun/Ultra Moon",Sword/Shield (Crown Tundra): Dynamax Adventure boss (soft-resettable reward) | Ultra Sun/Ultra Moon: Ultra Space Wilds static (soft-reset) | Ruby/Sapphire/Emerald: Sky Pillar static (soft-reset) | Pokémon GO: Legendary 5-star raid (RNG per raid),Sword/Shield (Crown Tundra) 1/300->1/100 | Ultra Sun/Ultra Moon 1/4096->1/1365 | Ruby/Sapphire/Emerald 1/8192 | Pokémon GO ~1/20,Yes (1/300 -> 1/100; applies to boss); Yes (1/4096 -> 1/1365; wormhole DISTANCE does NOT boost legendary odds); No charm pre-Gen6; n/a (GO has no Shiny Charm),Legendary raids (shiny 2019); Mega Rayquaza shiny; ~1/20,No,No,—,"Not in BDSP. ORAS story encounter shiny-locked. Huntable via DA, USUM, GO, Gen3."
Jirachi,III,Mythical,—,Yes,Yes,No (historical only),"E (hunt, historical only)","Colosseum Bonus Disc (WISHMKR), Pokémon GO",Colosseum Bonus Disc (WISHMKR): Distribution encounter (soft-reset) | Pokémon GO: Masterwork Research 'Wish Granted' (guaranteed shiny reward),Colosseum Bonus Disc (WISHMKR) 1/8192 | Pokémon GO 100% (guaranteed),No charm pre-Gen6,Shiny via 'Wish Granted' Masterwork (guaranteed). Not RNG in GO.,No,No,—,Mythical with a real (historical) RNG hunt via the WISHMKR bonus disc. No longer accessible.
Deoxys,III,Mythical,—,Yes,Yes,Yes,"A (true hunt, current)","FireRed/LeafGreen/Emerald, Omega Ruby/Alpha Sapphire, Pokémon GO",FireRed/LeafGreen/Emerald: Birth Island static (soft-reset) | Omega Ruby/Alpha Sapphire: Sky Pillar static [LOCKED] | Pokémon GO: Legendary 5-star raid (RNG per raid),FireRed/LeafGreen/Emerald 1/8192 | Pokémon GO ~1/20,No charm pre-Gen6; n/a (GO has no Shiny Charm),Legendary/mythical raids — all 4 formes shiny (RNG); ~1/20,No,No,This row is the Normal Forme. Attack / Defense / Speed Formes each have their OWN row (each a separate GO shiny with its own release date),Officially Mythical but treated as a raid boss in GO. Genuine RNG hunt via GO raids and historically via Birth Island.
Uxie,IV,Legendary,—,Yes,Yes,Yes,"A (true hunt, current)","Brilliant Diamond/Shining Pearl, Diamond/Pearl/Platinum, Omega Ruby/Alpha Sapphire, Pokémon GO, Sword/Shield (Crown Tundra), Ultra Sun/Ultra Moon",Sword/Shield (Crown Tundra): Dynamax Adventure boss (soft-resettable reward) | Ultra Sun/Ultra Moon: Ultra Space Wilds static (soft-reset) | Brilliant Diamond/Shining Pearl: Ramanas Park slate static (soft-reset) | Omega Ruby/Alpha Sapphire: Mirage Spot static / Soaring (soft-reset) | Diamond/Pearl/Platinum: Static (soft-reset) | Brilliant Diamond/Shining Pearl: Post-game lake static | Pokémon GO: Legendary 5-star raid (RNG per raid),Sword/Shield (Crown Tundra) 1/300->1/100 | Ultra Sun/Ultra Moon 1/4096->1/1365 | Brilliant Diamond/Shining Pearl 1/4096->1/4096 | Omega Ruby/Alpha Sapphire 1/4096->1/1365 | Diamond/Pearl/Platinum 1/8192 | Brilliant Diamond/Shining Pearl 1/4096->1/4096 | Pokémon GO ~1/20,Yes (1/300 -> 1/100; applies to boss); Yes (1/4096 -> 1/1365; wormhole DISTANCE does NOT boost legendary odds); No effect (BDSP Charm boosts Masuda eggs only); Yes (1/4096 -> 1/1365); No charm pre-Gen6; No effect (BDSP); n/a (GO has no Shiny Charm),Legendary raids (regional; shiny since Sep 14 2021); ~1/20,No,No,—,Lake trio. Mesprit roams (harder). Regional GO raid availability.
Mesprit,IV,Legendary,—,Yes,Yes,Yes,"A (true hunt, current)","Brilliant Diamond/Shining Pearl, Diamond/Pearl/Platinum, Omega Ruby/Alpha Sapphire, Pokémon GO, Sword/Shield (Crown Tundra), Ultra Sun/Ultra Moon",Sword/Shield (Crown Tundra): Dynamax Adventure boss (soft-resettable reward) | Ultra Sun/Ultra Moon: Ultra Space Wilds static (soft-reset) | Brilliant Diamond/Shining Pearl: Ramanas Park slate static (soft-reset) | Omega Ruby/Alpha Sapphire: Mirage Spot static / Soaring (soft-reset) | Diamond/Pearl/Platinum: Roaming | Brilliant Diamond/Shining Pearl: Post-game lake roamer | Pokémon GO: Legendary 5-star raid (RNG per raid),Sword/Shield (Crown Tundra) 1/300->1/100 | Ultra Sun/Ultra Moon 1/4096->1/1365 | Brilliant Diamond/Shining Pearl 1/4096->1/4096 | Omega Ruby/Alpha Sapphire 1/4096->1/1365 | Diamond/Pearl/Platinum 1/8192 | Brilliant Diamond/Shining Pearl 1/4096->1/4096 | Pokémon GO ~1/20,Yes (1/300 -> 1/100; applies to boss); Yes (1/4096 -> 1/1365; wormhole DISTANCE does NOT boost legendary odds); No effect (BDSP Charm boosts Masuda eggs only); Yes (1/4096 -> 1/1365); No charm pre-Gen6; No effect (BDSP); n/a (GO has no Shiny Charm),Legendary raids (regional; shiny since Sep 14 2021); ~1/20,No,No,—,Lake trio. Mesprit roams (harder). Regional GO raid availability.
Azelf,IV,Legendary,—,Yes,Yes,Yes,"A (true hunt, current)","Brilliant Diamond/Shining Pearl, Diamond/Pearl/Platinum, Omega Ruby/Alpha Sapphire, Pokémon GO, Sword/Shield (Crown Tundra), Ultra Sun/Ultra Moon",Sword/Shield (Crown Tundra): Dynamax Adventure boss (soft-resettable reward) | Ultra Sun/Ultra Moon: Ultra Space Wilds static (soft-reset) | Brilliant Diamond/Shining Pearl: Ramanas Park slate static (soft-reset) | Omega Ruby/Alpha Sapphire: Mirage Spot static / Soaring (soft-reset) | Diamond/Pearl/Platinum: Static (soft-reset) | Brilliant Diamond/Shining Pearl: Post-game lake static | Pokémon GO: Legendary 5-star raid (RNG per raid),Sword/Shield (Crown Tundra) 1/300->1/100 | Ultra Sun/Ultra Moon 1/4096->1/1365 | Brilliant Diamond/Shining Pearl 1/4096->1/4096 | Omega Ruby/Alpha Sapphire 1/4096->1/1365 | Diamond/Pearl/Platinum 1/8192 | Brilliant Diamond/Shining Pearl 1/4096->1/4096 | Pokémon GO ~1/20,Yes (1/300 -> 1/100; applies to boss); Yes (1/4096 -> 1/1365; wormhole DISTANCE does NOT boost legendary odds); No effect (BDSP Charm boosts Masuda eggs only); Yes (1/4096 -> 1/1365); No charm pre-Gen6; No effect (BDSP); n/a (GO has no Shiny Charm),Legendary raids (regional; shiny since Sep 14 2021); ~1/20,No,No,—,Lake trio. Mesprit roams (harder). Regional GO raid availability.
Dialga,IV,Legendary,—,Yes,Yes,Yes,"A (true hunt, current)","Brilliant Diamond, Brilliant Diamond/Shining Pearl, Diamond/Pearl/Platinum, Legends: Arceus, Pokémon GO, Sword/Shield (Crown Tundra), Ultra Sun/Ultra Moon",Sword/Shield (Crown Tundra): Dynamax Adventure boss (soft-resettable reward) | Ultra Sun/Ultra Moon: Ultra Space Wilds static (soft-reset) | Brilliant Diamond/Shining Pearl: Ramanas Park slate static (soft-reset) | Diamond/Pearl/Platinum: Spear Pillar static (soft-reset) | Brilliant Diamond: Story static [LOCKED] | Legends: Arceus: Origin Forme story static [LOCKED] | Pokémon GO: Legendary 5-star raid (RNG per raid),Sword/Shield (Crown Tundra) 1/300->1/100 | Ultra Sun/Ultra Moon 1/4096->1/1365 | Brilliant Diamond/Shining Pearl 1/4096->1/4096 | Diamond/Pearl/Platinum 1/8192 | Pokémon GO ~1/20,Yes (1/300 -> 1/100; applies to boss); Yes (1/4096 -> 1/1365; wormhole DISTANCE does NOT boost legendary odds); No effect (BDSP Charm boosts Masuda eggs only); No charm pre-Gen6; n/a (GO has no Shiny Charm),Legendary raids (Altered + Origin shiny); ~1/20; rotates,No,No,Origin Forme — see its own row (separate GO shiny),"Story catches locked (BDSP/PLA); huntable via Ramanas Park, DA, USUM, GO."
Palkia,IV,Legendary,—,Yes,Yes,Yes,"A (true hunt, current)","Brilliant Diamond/Shining Pearl, Diamond/Pearl/Platinum, Legends: Arceus, Pokémon GO, Shining Pearl, Sword/Shield (Crown Tundra), Ultra Sun/Ultra Moon",Sword/Shield (Crown Tundra): Dynamax Adventure boss (soft-resettable reward) | Ultra Sun/Ultra Moon: Ultra Space Wilds static (soft-reset) | Brilliant Diamond/Shining Pearl: Ramanas Park slate static (soft-reset) | Diamond/Pearl/Platinum: Spear Pillar static (soft-reset) | Shining Pearl: Story static [LOCKED] | Legends: Arceus: Origin Forme story static [LOCKED] | Pokémon GO: Legendary 5-star raid (RNG per raid),Sword/Shield (Crown Tundra) 1/300->1/100 | Ultra Sun/Ultra Moon 1/4096->1/1365 | Brilliant Diamond/Shining Pearl 1/4096->1/4096 | Diamond/Pearl/Platinum 1/8192 | Pokémon GO ~1/20,Yes (1/300 -> 1/100; applies to boss); Yes (1/4096 -> 1/1365; wormhole DISTANCE does NOT boost legendary odds); No effect (BDSP Charm boosts Masuda eggs only); No charm pre-Gen6; n/a (GO has no Shiny Charm),Legendary raids (Altered + Origin shiny); ~1/20; rotates,No,No,Origin Forme — see its own row (separate GO shiny),"Story catches locked; huntable via Ramanas Park, DA, USUM, GO."
Heatran,IV,Legendary,—,Yes,Yes,Yes,"A (true hunt, current)","Brilliant Diamond/Shining Pearl, Omega Ruby/Alpha Sapphire, Platinum/HGSS, Pokémon GO, Sword/Shield (Crown Tundra), Ultra Sun/Ultra Moon",Sword/Shield (Crown Tundra): Dynamax Adventure boss (soft-resettable reward) | Ultra Sun/Ultra Moon: Ultra Space Wilds static (soft-reset) | Brilliant Diamond/Shining Pearl: Ramanas Park slate static (soft-reset) | Omega Ruby/Alpha Sapphire: Mirage Spot static / Soaring (soft-reset) | Platinum/HGSS: Stark Mountain static (soft-reset) | Pokémon GO: Legendary 5-star raid (RNG per raid),Sword/Shield (Crown Tundra) 1/300->1/100 | Ultra Sun/Ultra Moon 1/4096->1/1365 | Brilliant Diamond/Shining Pearl 1/4096->1/4096 | Omega Ruby/Alpha Sapphire 1/4096->1/1365 | Platinum/HGSS 1/8192 | Pokémon GO ~1/20,Yes (1/300 -> 1/100; applies to boss); Yes (1/4096 -> 1/1365; wormhole DISTANCE does NOT boost legendary odds); No effect (BDSP Charm boosts Masuda eggs only); Yes (1/4096 -> 1/1365); No charm pre-Gen6; n/a (GO has no Shiny Charm),Legendary raids (shiny since Jan 2020); ~1/20; rotates,No,No,—,
Regigigas,IV,Legendary,—,Yes,Yes,Yes,"A (true hunt, current)","Brilliant Diamond/Shining Pearl, Platinum/HGSS, Pokémon GO",Brilliant Diamond/Shining Pearl: Ramanas Park slate static (soft-reset) | Brilliant Diamond/Shining Pearl: Ramanas/Snowpoint static (soft-reset) | Platinum/HGSS: Snowpoint Temple static (soft-reset) | Pokémon GO: Legendary 5-star raid (RNG per raid),Brilliant Diamond/Shining Pearl 1/4096->1/4096 | Brilliant Diamond/Shining Pearl 1/4096->1/4096 | Platinum/HGSS 1/8192 | Pokémon GO ~1/20,No effect (BDSP Charm boosts Masuda eggs only); No effect (BDSP); No charm pre-Gen6; n/a (GO has no Shiny Charm),Legendary/Elite raids (shiny since Jun 2021); ~1/20,No,No,—,Not in Dynamax Adventures or USUM wormholes. Huntable via BDSP soft-reset and GO.
Giratina,IV,Legendary,—,Yes,Yes,Yes,"A (true hunt, current)","Brilliant Diamond/Shining Pearl, Legends: Arceus, Platinum/HGSS, Pokémon GO, Sword/Shield (Crown Tundra), Ultra Sun/Ultra Moon",Sword/Shield (Crown Tundra): Dynamax Adventure boss (soft-resettable reward) | Ultra Sun/Ultra Moon: Ultra Space Wilds static (soft-reset) | Brilliant Diamond/Shining Pearl: Ramanas Park slate static (soft-reset) | Platinum/HGSS: Turnback Cave static (soft-reset) | Legends: Arceus: Origin Forme story static [LOCKED] | Pokémon GO: Legendary 5-star raid (RNG per raid),Sword/Shield (Crown Tundra) 1/300->1/100 | Ultra Sun/Ultra Moon 1/4096->1/1365 | Brilliant Diamond/Shining Pearl 1/4096->1/4096 | Platinum/HGSS 1/8192 | Pokémon GO ~1/20,Yes (1/300 -> 1/100; applies to boss); Yes (1/4096 -> 1/1365; wormhole DISTANCE does NOT boost legendary odds); No effect (BDSP Charm boosts Masuda eggs only); No charm pre-Gen6; n/a (GO has no Shiny Charm),Legendary raids (Altered + Origin shiny); ~1/20; rotates,No,No,This row is the Altered Forme. Origin Forme — see its own row (separate GO shiny),Ramanas Park (Distortion Slate) is huntable. PLA Origin locked.
Cresselia,IV,Legendary,—,Yes,Yes,Yes,"A (true hunt, current)","Brilliant Diamond/Shining Pearl, Diamond/Pearl/Platinum, Omega Ruby/Alpha Sapphire, Pokémon GO, Sword/Shield (Crown Tundra), Ultra Sun/Ultra Moon",Sword/Shield (Crown Tundra): Dynamax Adventure boss (soft-resettable reward) | Ultra Sun/Ultra Moon: Ultra Space Wilds static (soft-reset) | Brilliant Diamond/Shining Pearl: Ramanas Park slate static (soft-reset) | Omega Ruby/Alpha Sapphire: Mirage Spot static / Soaring (soft-reset) | Diamond/Pearl/Platinum: Roaming | Pokémon GO: Legendary 5-star raid (RNG per raid),Sword/Shield (Crown Tundra) 1/300->1/100 | Ultra Sun/Ultra Moon 1/4096->1/1365 | Brilliant Diamond/Shining Pearl 1/4096->1/4096 | Omega Ruby/Alpha Sapphire 1/4096->1/1365 | Diamond/Pearl/Platinum 1/8192 | Pokémon GO ~1/20,Yes (1/300 -> 1/100; applies to boss); Yes (1/4096 -> 1/1365; wormhole DISTANCE does NOT boost legendary odds); No effect (BDSP Charm boosts Masuda eggs only); Yes (1/4096 -> 1/1365); No charm pre-Gen6; n/a (GO has no Shiny Charm),Legendary raids (shiny since May 2019); ~1/20; rotates,No,No,—,
Phione,IV,Mythical,—,Yes,Yes,Yes,"A (true hunt, current)",BDSP / any breeding game,"BDSP / any breeding game: Breeding (Manaphy/Phione x Ditto), Masuda method",BDSP / any breeding game 1/4096->1/1365,Yes (BDSP: Masuda + Charm applies to eggs),Not in Pokémon GO.,No,No,—,"Uniquely, Phione is bred (not caught) and follows ordinary shiny/Masuda odds — a genuine, repeatable RNG hunt."
Manaphy,IV,Mythical,—,Yes,Yes,No (historical only),"E (hunt, historical only)",Pokémon Ranger -> Gen 4,Pokémon Ranger -> Gen 4: Egg hatch after trade (PID vs TSV RNG),Pokémon Ranger -> Gen 4 1/8192,No charm pre-Gen6,Base Manaphy via research; shiny NOT released in GO.,No,No,—,The classic 'Manaphy egg' hunt. No current access (Pokémon Ranger connectivity discontinued). Manaphy itself cannot be bred (produces Phione).
Darkrai,IV,Mythical,—,Yes,Yes,Yes,"A (true hunt, current)","Diamond/Pearl/Platinum, Pokémon GO",Diamond/Pearl/Platinum: Newmoon Island static (soft-reset) | Pokémon GO: Legendary 5-star raid (RNG per raid),Diamond/Pearl/Platinum 1/8192 | Pokémon GO ~1/20,No charm pre-Gen6; n/a (GO has no Shiny Charm),5-star raids (shiny since Mar 2020) — RNG; ~1/20,No,No,—,Mythical that IS a true RNG hunt (GO raids now; Gen4 Newmoon Island historically).
Shaymin,IV,Mythical,—,Yes,Yes,No (historical only),"E (hunt, historical only)","Diamond/Pearl/Platinum, Pokémon GO",Diamond/Pearl/Platinum: Flower Paradise static (soft-reset) | Pokémon GO: Masterwork Research 'Glimmers of Gratitude' (Land Forme) (guaranteed shiny reward),Diamond/Pearl/Platinum 1/8192 | Pokémon GO 100% (guaranteed),No charm pre-Gen6,Shiny (Land) via Masterwork (guaranteed). Not RNG in GO.,No,No,"Land Forme — shiny (GO Masterwork, guaranteed). Sky Forme — shiny status unconfirmed",Historical Gen4 RNG hunt (Flower Paradise) no longer accessible; GO shiny is guaranteed-only.
Arceus,IV,Mythical,—,Yes,Yes,Yes,"A (true hunt, current)","Brilliant Diamond/Shining Pearl, Events (Toys R Us, etc.), Legends: Arceus","Brilliant Diamond/Shining Pearl: Hall of Origin static (soft-reset) | Legends: Arceus: Story static [LOCKED] | Events (Toys R Us, etc.): Distribution [LOCKED]",Brilliant Diamond/Shining Pearl 1/4096->1/4096,No effect (BDSP Charm boosts Masuda eggs only),Not in Pokémon GO.,No,No,—,"Shiny Arceus IS legitimately huntable — the BDSP Hall of Origin encounter (Azure Flute) is not shiny-locked, so you can soft-reset for it (flat 1/4096; BDSP Shiny Charm does not help). PLA and all distributions are locked."
Victini,V,Mythical,—,No,No,No,D (shiny unavailable),Black/White + events,Black/White + events: Liberty Garden static / distribution [LOCKED],n/a,n/a,"In GO (research), but shiny NOT released.",No,No,—,No legitimate shiny Victini exists anywhere as of Aug 2026. SHINY UNAVAILABLE.
Cobalion,V,Legendary,—,Yes,Yes,Yes,"A (true hunt, current)","Black/White/B2W2, Legends: Z-A (Mega Dimension DLC, 2026), Omega Ruby/Alpha Sapphire, Pokémon GO, Sword/Shield (Crown Tundra), Ultra Sun/Ultra Moon","Sword/Shield (Crown Tundra): Dynamax Adventure boss (soft-resettable reward) | Ultra Sun/Ultra Moon: Ultra Space Wilds static (soft-reset) | Omega Ruby/Alpha Sapphire: Mirage Spot static / Soaring (soft-reset) | Legends: Z-A (Mega Dimension DLC, 2026): 5-star Hyperspace Distortion (run-back reroll) | Black/White/B2W2: Static (soft-reset) | Pokémon GO: Legendary 5-star raid (RNG per raid)","Sword/Shield (Crown Tundra) 1/300->1/100 | Ultra Sun/Ultra Moon 1/4096->1/1365 | Omega Ruby/Alpha Sapphire 1/4096->1/1365 | Legends: Z-A (Mega Dimension DLC, 2026) ~1/4096 base->up to ~1/585 | Black/White/B2W2 1/8192->~1/2731 | Pokémon GO ~1/20",Yes (1/300 -> 1/100; applies to boss); Yes (1/4096 -> 1/1365; wormhole DISTANCE does NOT boost legendary odds); Yes (1/4096 -> 1/1365); Yes; stacks with Sparkling Power Lv3 donut (-> ~1/585); Yes (Gen5 charm); n/a (GO has no Shiny Charm),Legendary raids (shiny since Mar 17 2020); ~1/20; rotates,No,No,—,Swords of Justice. NEW 2026: shiny-huntable in Legends Z-A Mega Dimension Hyperspace Distortions.
Terrakion,V,Legendary,—,Yes,Yes,Yes,"A (true hunt, current)","Black/White/B2W2, Legends: Z-A (Mega Dimension DLC, 2026), Omega Ruby/Alpha Sapphire, Pokémon GO, Sword/Shield (Crown Tundra), Ultra Sun/Ultra Moon","Sword/Shield (Crown Tundra): Dynamax Adventure boss (soft-resettable reward) | Ultra Sun/Ultra Moon: Ultra Space Wilds static (soft-reset) | Omega Ruby/Alpha Sapphire: Mirage Spot static / Soaring (soft-reset) | Legends: Z-A (Mega Dimension DLC, 2026): 5-star Hyperspace Distortion (run-back reroll) | Black/White/B2W2: Static (soft-reset) | Pokémon GO: Legendary 5-star raid (RNG per raid)","Sword/Shield (Crown Tundra) 1/300->1/100 | Ultra Sun/Ultra Moon 1/4096->1/1365 | Omega Ruby/Alpha Sapphire 1/4096->1/1365 | Legends: Z-A (Mega Dimension DLC, 2026) ~1/4096 base->up to ~1/585 | Black/White/B2W2 1/8192->~1/2731 | Pokémon GO ~1/20",Yes (1/300 -> 1/100; applies to boss); Yes (1/4096 -> 1/1365; wormhole DISTANCE does NOT boost legendary odds); Yes (1/4096 -> 1/1365); Yes; stacks with Sparkling Power Lv3 donut (-> ~1/585); Yes (Gen5 charm); n/a (GO has no Shiny Charm),Legendary raids (shiny since May 19 2020); ~1/20; rotates,No,No,—,Swords of Justice. NEW 2026: shiny-huntable in Legends Z-A Mega Dimension Hyperspace Distortions.
Virizion,V,Legendary,—,Yes,Yes,Yes,"A (true hunt, current)","Black/White/B2W2, Legends: Z-A (Mega Dimension DLC, 2026), Omega Ruby/Alpha Sapphire, Pokémon GO, Sword/Shield (Crown Tundra), Ultra Sun/Ultra Moon","Sword/Shield (Crown Tundra): Dynamax Adventure boss (soft-resettable reward) | Ultra Sun/Ultra Moon: Ultra Space Wilds static (soft-reset) | Omega Ruby/Alpha Sapphire: Mirage Spot static / Soaring (soft-reset) | Legends: Z-A (Mega Dimension DLC, 2026): 5-star Hyperspace Distortion (run-back reroll) | Black/White/B2W2: Static (soft-reset) | Pokémon GO: Legendary 5-star raid (RNG per raid)","Sword/Shield (Crown Tundra) 1/300->1/100 | Ultra Sun/Ultra Moon 1/4096->1/1365 | Omega Ruby/Alpha Sapphire 1/4096->1/1365 | Legends: Z-A (Mega Dimension DLC, 2026) ~1/4096 base->up to ~1/585 | Black/White/B2W2 1/8192->~1/2731 | Pokémon GO ~1/20",Yes (1/300 -> 1/100; applies to boss); Yes (1/4096 -> 1/1365; wormhole DISTANCE does NOT boost legendary odds); Yes (1/4096 -> 1/1365); Yes; stacks with Sparkling Power Lv3 donut (-> ~1/585); Yes (Gen5 charm); n/a (GO has no Shiny Charm),Legendary raids (shiny since May 12 2020); ~1/20; rotates,No,No,—,Swords of Justice. NEW 2026: shiny-huntable in Legends Z-A Mega Dimension Hyperspace Distortions.
Tornadus,V,Legendary,—,Yes,Yes,Yes,"A (true hunt, current)","Black2/White2, Pokémon GO, Sword/Shield (Crown Tundra), Ultra Sun/Ultra Moon",Sword/Shield (Crown Tundra): Dynamax Adventure boss (soft-resettable reward) | Ultra Sun/Ultra Moon: Ultra Space Wilds static (soft-reset) | Sword/Shield (Crown Tundra): Roaming (soft-reset) | Black2/White2: Static | Pokémon GO: Legendary 5-star raid (RNG per raid),Sword/Shield (Crown Tundra) 1/300->1/100 | Ultra Sun/Ultra Moon 1/4096->1/1365 | Sword/Shield (Crown Tundra) 1/4096->1/1365 | Black2/White2 1/8192->~1/2731 | Pokémon GO ~1/20,Yes (1/300 -> 1/100; applies to boss); Yes (1/4096 -> 1/1365; wormhole DISTANCE does NOT boost legendary odds); Yes; n/a (GO has no Shiny Charm),Legendary raids (Incarnate + Therian shiny); ~1/20,No,No,This row is the Incarnate Forme. Therian Forme — see its own row (separate GO shiny),"Forces of Nature. Huntable via SwSh roamer, DA, USUM, GO."
Thundurus,V,Legendary,—,Yes,Yes,Yes,"A (true hunt, current)","Black2/White2, Pokémon GO, Sword/Shield (Crown Tundra), Ultra Sun/Ultra Moon",Sword/Shield (Crown Tundra): Dynamax Adventure boss (soft-resettable reward) | Ultra Sun/Ultra Moon: Ultra Space Wilds static (soft-reset) | Sword/Shield (Crown Tundra): Roaming (soft-reset) | Black2/White2: Static | Pokémon GO: Legendary 5-star raid (RNG per raid),Sword/Shield (Crown Tundra) 1/300->1/100 | Ultra Sun/Ultra Moon 1/4096->1/1365 | Sword/Shield (Crown Tundra) 1/4096->1/1365 | Black2/White2 1/8192->~1/2731 | Pokémon GO ~1/20,Yes (1/300 -> 1/100; applies to boss); Yes (1/4096 -> 1/1365; wormhole DISTANCE does NOT boost legendary odds); Yes; n/a (GO has no Shiny Charm),Legendary raids (Incarnate + Therian shiny); ~1/20,No,No,This row is the Incarnate Forme. Therian Forme — see its own row (separate GO shiny),Forces of Nature.
Landorus,V,Legendary,—,Yes,Yes,Yes,"A (true hunt, current)","Black2/White2, Pokémon GO, Sword/Shield (Crown Tundra), Ultra Sun/Ultra Moon",Sword/Shield (Crown Tundra): Dynamax Adventure boss (soft-resettable reward) | Ultra Sun/Ultra Moon: Ultra Space Wilds static (soft-reset) | Sword/Shield (Crown Tundra): Roaming (soft-reset) | Black2/White2: Static | Pokémon GO: Legendary 5-star raid (RNG per raid),Sword/Shield (Crown Tundra) 1/300->1/100 | Ultra Sun/Ultra Moon 1/4096->1/1365 | Sword/Shield (Crown Tundra) 1/4096->1/1365 | Black2/White2 1/8192->~1/2731 | Pokémon GO ~1/20,Yes (1/300 -> 1/100; applies to boss); Yes (1/4096 -> 1/1365; wormhole DISTANCE does NOT boost legendary odds); Yes; n/a (GO has no Shiny Charm),Legendary raids (Incarnate + Therian shiny); ~1/20,No,No,This row is the Incarnate Forme. Therian Forme — see its own row (separate GO shiny),Forces of Nature.
Reshiram,V,Legendary,—,Yes,Yes,Yes,"A (true hunt, current)","Black/White/B2W2, Pokémon GO, Sword/Shield (Crown Tundra), Ultra Sun/Ultra Moon",Sword/Shield (Crown Tundra): Dynamax Adventure boss (soft-resettable reward) | Ultra Sun/Ultra Moon: Ultra Space Wilds static (soft-reset) | Black/White/B2W2: Story static (soft-reset) | Pokémon GO: Legendary 5-star raid (RNG per raid),Sword/Shield (Crown Tundra) 1/300->1/100 | Ultra Sun/Ultra Moon 1/4096->1/1365 | Black/White/B2W2 1/8192->~1/2731 | Pokémon GO ~1/20,Yes (1/300 -> 1/100; applies to boss); Yes (1/4096 -> 1/1365; wormhole DISTANCE does NOT boost legendary odds); Yes (Gen5 charm); n/a (GO has no Shiny Charm),Legendary raids; ~1/20; rotates,No,No,—,"Tao trio. Huntable via DA, USUM, GO, and Gen5 originals."
Zekrom,V,Legendary,—,Yes,Yes,Yes,"A (true hunt, current)","Black/White/B2W2, Pokémon GO, Sword/Shield (Crown Tundra), Ultra Sun/Ultra Moon",Sword/Shield (Crown Tundra): Dynamax Adventure boss (soft-resettable reward) | Ultra Sun/Ultra Moon: Ultra Space Wilds static (soft-reset) | Black/White/B2W2: Story static (soft-reset) | Pokémon GO: Legendary 5-star raid (RNG per raid),Sword/Shield (Crown Tundra) 1/300->1/100 | Ultra Sun/Ultra Moon 1/4096->1/1365 | Black/White/B2W2 1/8192->~1/2731 | Pokémon GO ~1/20,Yes (1/300 -> 1/100; applies to boss); Yes (1/4096 -> 1/1365; wormhole DISTANCE does NOT boost legendary odds); Yes; n/a (GO has no Shiny Charm),Legendary raids; ~1/20; rotates,No,No,—,Tao trio.
Kyurem,V,Legendary,—,Yes,Yes,Yes,"A (true hunt, current)","Black/White/B2W2, Pokémon GO, Sword/Shield (Crown Tundra), Ultra Sun/Ultra Moon",Sword/Shield (Crown Tundra): Dynamax Adventure boss (soft-resettable reward) | Ultra Sun/Ultra Moon: Ultra Space Wilds static (soft-reset) | Black/White/B2W2: Giant Chasm static (soft-reset) | Pokémon GO: Legendary 5-star raid (RNG per raid),Sword/Shield (Crown Tundra) 1/300->1/100 | Ultra Sun/Ultra Moon 1/4096->1/1365 | Black/White/B2W2 1/8192->~1/2731 | Pokémon GO ~1/20,Yes (1/300 -> 1/100; applies to boss); Yes (1/4096 -> 1/1365; wormhole DISTANCE does NOT boost legendary odds); Yes; n/a (GO has no Shiny Charm),Legendary raids; ~1/20; rotates,No,No,Black Kyurem & White Kyurem — fusion formes (with Zekrom/Reshiram); shiny via the base Kyurem,Tao trio. Fused formes via GO fusion events.
Keldeo,V,Mythical,—,Yes,No,No,B (guaranteed reward),"Main series, Pokémon GO, Pokémon HOME",Pokémon HOME: Shiny Keldeo dex-completion Mystery Gift (guaranteed shiny) | Pokémon GO: Masterwork Research 'Pony Tales' (Final Justice) (guaranteed shiny reward) | Main series: Distribution [LOCKED],Pokémon HOME 100% (guaranteed) | Pokémon GO 100% (guaranteed),n/a,Shiny via 'Pony Tales' Masterwork (guaranteed). Not RNG.,Yes,Yes,"Ordinary & Resolute — shiny is guaranteed (HOME/GO Masterwork), applies to both",First legit shiny Keldeo was the HOME dex reward (Feb 2025). Guaranteed only — never RNG-huntable.
Meloetta,V,Mythical,—,Yes,No,No,B (guaranteed reward),"Main series, Pokémon GO, Pokémon HOME",Pokémon HOME: Shiny Meloetta dex-completion Mystery Gift (guaranteed shiny) | Pokémon GO: Masterwork Research 'A Dazzling Aria' (GO Tour Unova) (guaranteed shiny reward) | Main series: Distribution [LOCKED],Pokémon HOME 100% (guaranteed) | Pokémon GO 100% (guaranteed),n/a,Shiny (Aria) via Masterwork (guaranteed). Not RNG.,Yes,Yes,"Aria & Pirouette — shiny is guaranteed (HOME/GO), applies to both",Guaranteed only (HOME reward + GO Masterwork). Never RNG-huntable.
Genesect,V,Mythical,—,Yes,Yes,Yes,"A (true hunt, current)","Main series, Pokémon GO",Main series: Distribution [LOCKED] | Pokémon GO: Legendary 5-star raid (RNG per raid),Pokémon GO ~1/20,n/a (GO has no Shiny Charm),5-star raids (shiny since May 2023) — RNG; ~1/20,No,No,Normal/Shock/Burn/Chill/Douse Drives — shiny in GO raids; Drives are held-item variants (separate raid dates),Mythical that IS a true RNG hunt (GO raids). Different Drives rotate.
Xerneas,VI,Legendary,—,Yes,Yes,Yes,"A (true hunt, current)","Pokémon GO, Sword/Shield (Crown Tundra), Ultra Sun/Ultra Moon, X/Y",Sword/Shield (Crown Tundra): Dynamax Adventure boss (soft-resettable reward) | Ultra Sun/Ultra Moon: Ultra Space Wilds static (soft-reset) | X/Y: Story static [LOCKED] | Pokémon GO: Legendary 5-star raid (RNG per raid),Sword/Shield (Crown Tundra) 1/300->1/100 | Ultra Sun/Ultra Moon 1/4096->1/1365 | Pokémon GO ~1/20,Yes (1/300 -> 1/100; applies to boss); Yes (1/4096 -> 1/1365; wormhole DISTANCE does NOT boost legendary odds); n/a (GO has no Shiny Charm),Legendary raids (shiny since Oct 2022); ~1/20; rotates,No,No,—,"Story catch locked; huntable via DA, USUM, GO."
Yveltal,VI,Legendary,—,Yes,Yes,Yes,"A (true hunt, current)","Pokémon GO, Sword/Shield (Crown Tundra), Ultra Sun/Ultra Moon, X/Y",Sword/Shield (Crown Tundra): Dynamax Adventure boss (soft-resettable reward) | Ultra Sun/Ultra Moon: Ultra Space Wilds static (soft-reset) | X/Y: Story static [LOCKED] | Pokémon GO: Legendary 5-star raid (RNG per raid),Sword/Shield (Crown Tundra) 1/300->1/100 | Ultra Sun/Ultra Moon 1/4096->1/1365 | Pokémon GO ~1/20,Yes (1/300 -> 1/100; applies to boss); Yes (1/4096 -> 1/1365; wormhole DISTANCE does NOT boost legendary odds); n/a (GO has no Shiny Charm),Legendary raids (shiny since Sep 2022); ~1/20; rotates,No,No,—,"Story catch locked; huntable via DA, USUM, GO."
Zygarde,VI,Legendary,—,Yes,Yes,Yes,"A (true hunt, current)","Sword/Shield (Crown Tundra), X/Y, USUM, SV, Legends Z-A","Sword/Shield (Crown Tundra): Dynamax Adventure boss (soft-resettable reward) | X/Y, USUM, SV, Legends Z-A: Story static / cell assembly [LOCKED]",Sword/Shield (Crown Tundra) 1/300->1/100,Yes (1/300 -> 1/100; applies to boss),In GO (Routes/cells); shiny NOT released.,No,No,10% / 50% / Complete Forme — all shiny-unavailable,"Correction: shiny Zygarde IS huntable — Sword/Shield Dynamax Adventures (Max Lair) is the only game where you can catch it, 1/300 (1/100 with Shiny Charm). Every story/static/cell-assembly encounter is shiny-locked; no guaranteed shiny Zygarde has ever been officially distributed."
Diancie,VI,Mythical,—,Yes,No,No,B (guaranteed reward),"Pokémon GO, XY/ORAS",XY/ORAS: Event distribution (guaranteed shiny) [LOCKED] | Pokémon GO: Masterwork 'Sparkle and Shine' (GO Tour Kalos) (guaranteed shiny reward),Pokémon GO 100% (guaranteed),n/a,"Shiny via 'Sparkle and Shine' Masterwork (guaranteed, Feb 2026). Not RNG.",No,Yes,—,Guaranteed/event only. GO shiny debuted Feb 2026 (newest guaranteed Mythical shiny).
Hoopa,VI,Mythical,—,No,No,No,D (shiny unavailable),Main series / GO,Main series / GO: Distribution / research [LOCKED],n/a,n/a,In GO (research); shiny NOT released.,No,No,Confined & Unbound — both shiny-unavailable,No legitimate shiny Hoopa as of Aug 2026. SHINY UNAVAILABLE.
Volcanion,VI,Mythical,—,Yes,No,No,B (guaranteed reward),"Main series, Pokémon HOME",Pokémon HOME: Shiny Volcanion dex-completion Mystery Gift (guaranteed shiny) | Main series: Distribution [LOCKED],Pokémon HOME 100% (guaranteed),n/a,In GO (GO Fest research); shiny NOT released in GO.,Yes,Yes,—,First-ever legit shiny Volcanion is the HOME dex reward (Apr 2026). Guaranteed only.
Type: Null,VII,Legendary,—,No,No,No,D (shiny unavailable),Sun/Moon/USUM/SwSh,Sun/Moon/USUM/SwSh: Gift (Aether / Battle Tower) [LOCKED],n/a,n/a,Not in Pokémon GO.,No,No,—,"Officially 'Synthetic Pokémon'; Bulbapedia counts it as Legendary. No legit shiny Type: Null: the gift is shiny-locked everywhere, and the 2017 event distributed the already-evolved Shiny SILVALLY (you cannot devolve it). So shiny Silvally exists, but shiny Type: Null does not."
Silvally,VII,Legendary,—,Yes,No,No,C (event distribution only),"Event (GameStop/GAME/EB Games), Sun/Moon/USUM/SwSh",Event (GameStop/GAME/EB Games): Serial-code guaranteed shiny | Sun/Moon/USUM/SwSh: Evolves from Type: Null gift [LOCKED],n/a,n/a,Not in Pokémon GO.,No,Yes,—,Correction: a legit shiny Silvally EXISTS via the official 2017 GameStop/GAME/EB event distribution (already evolved) — but it is NOT RNG-huntable. The in-game Type: Null gift is shiny-locked everywhere.
Tapu Koko,VII,Legendary,—,Yes,Yes,Yes,"A (true hunt, current)","Pokémon GO, Sun/Moon/USUM, Sword/Shield (Crown Tundra)",Sword/Shield (Crown Tundra): Dynamax Adventure boss (soft-resettable reward) | Sun/Moon/USUM: Ruins guardian static — respawn (soft-reset) | Pokémon GO: Legendary 5-star raid (RNG per raid),Sword/Shield (Crown Tundra) 1/300->1/100 | Sun/Moon/USUM 1/4096->1/1365 | Pokémon GO ~1/20,Yes (1/300 -> 1/100; applies to boss); Yes (first story encounter is locked; the RESPAWN is huntable); n/a (GO has no Shiny Charm),Legendary raids (shiny since Jan 25 2023); ~1/20; rotates,No,No,—,Guardian deities. First story encounter shiny-locked; defeat it and the respawn is huntable.
Tapu Lele,VII,Legendary,—,Yes,Yes,Yes,"A (true hunt, current)","Pokémon GO, Sun/Moon/USUM, Sword/Shield (Crown Tundra)",Sword/Shield (Crown Tundra): Dynamax Adventure boss (soft-resettable reward) | Sun/Moon/USUM: Ruins guardian static — respawn (soft-reset) | Pokémon GO: Legendary 5-star raid (RNG per raid),Sword/Shield (Crown Tundra) 1/300->1/100 | Sun/Moon/USUM 1/4096->1/1365 | Pokémon GO ~1/20,Yes (1/300 -> 1/100; applies to boss); Yes (first story encounter is locked; the RESPAWN is huntable); n/a (GO has no Shiny Charm),Legendary raids (shiny since Feb 8 2023); ~1/20; rotates,No,No,—,Guardian deities. First story encounter shiny-locked; defeat it and the respawn is huntable.
Tapu Bulu,VII,Legendary,—,Yes,Yes,Yes,"A (true hunt, current)","Pokémon GO, Sun/Moon/USUM, Sword/Shield (Crown Tundra)",Sword/Shield (Crown Tundra): Dynamax Adventure boss (soft-resettable reward) | Sun/Moon/USUM: Ruins guardian static — respawn (soft-reset) | Pokémon GO: Legendary 5-star raid (RNG per raid),Sword/Shield (Crown Tundra) 1/300->1/100 | Sun/Moon/USUM 1/4096->1/1365 | Pokémon GO ~1/20,Yes (1/300 -> 1/100; applies to boss); Yes (first story encounter is locked; the RESPAWN is huntable); n/a (GO has no Shiny Charm),Legendary raids (shiny since Apr 17 2023); ~1/20; rotates,No,No,—,Guardian deities. First story encounter shiny-locked; defeat it and the respawn is huntable.
Tapu Fini,VII,Legendary,—,Yes,Yes,Yes,"A (true hunt, current)","Pokémon GO, Sun/Moon/USUM, Sword/Shield (Crown Tundra)",Sword/Shield (Crown Tundra): Dynamax Adventure boss (soft-resettable reward) | Sun/Moon/USUM: Ruins guardian static — respawn (soft-reset) | Pokémon GO: Legendary 5-star raid (RNG per raid),Sword/Shield (Crown Tundra) 1/300->1/100 | Sun/Moon/USUM 1/4096->1/1365 | Pokémon GO ~1/20,Yes (1/300 -> 1/100; applies to boss); Yes (first story encounter is locked; the RESPAWN is huntable); n/a (GO has no Shiny Charm),Legendary raids (shiny since May 9 2023); ~1/20; rotates,No,No,—,Guardian deities. First story encounter shiny-locked; defeat it and the respawn is huntable.
Cosmog,VII,Legendary,—,No,No,No,D (shiny unavailable),Sun/Moon/USUM/GO,Sun/Moon/USUM/GO: Gift / research [LOCKED],n/a,n/a,"In GO (Special Research, evolves to Solgaleo/Lunala); shiny Cosmog not released.",No,No,—,Shiny Cosmog/Cosmoem UNAVAILABLE (cannot evolve a shiny backward from Solgaleo/Lunala). Verify if GO ever releases shiny Cosmog.
Cosmoem,VII,Legendary,—,No,No,No,D (shiny unavailable),Sun/Moon/USUM/GO,Sun/Moon/USUM/GO: Evolves from Cosmog [LOCKED],n/a,n/a,In GO (evolution stage); shiny not released.,No,No,—,Shiny UNAVAILABLE for the same reason as Cosmog.
Solgaleo,VII,Legendary,—,Yes,Yes,Yes,"A (true hunt, current)","Pokémon GO, Sun/USUM, Sword/Shield (Crown Tundra)",Sword/Shield (Crown Tundra): Dynamax Adventure boss (soft-resettable reward) | Sun/USUM: From Cosmog / Necrozma fusion [LOCKED] | Pokémon GO: Legendary 5-star raid (RNG per raid),Sword/Shield (Crown Tundra) 1/300->1/100 | Pokémon GO ~1/20,Yes (1/300 -> 1/100; applies to boss); n/a (GO has no Shiny Charm),5-star raids — shiny NEW Jul 22 2026 (RNG); ~1/20,No,No,—,Shiny huntable via Dynamax Adventures and (new 2026) GO raids.
Lunala,VII,Legendary,—,Yes,Yes,Yes,"A (true hunt, current)","Moon/USUM, Pokémon GO, Sword/Shield (Crown Tundra)",Sword/Shield (Crown Tundra): Dynamax Adventure boss (soft-resettable reward) | Moon/USUM: From Cosmog / Necrozma fusion [LOCKED] | Pokémon GO: Legendary 5-star raid (RNG per raid),Sword/Shield (Crown Tundra) 1/300->1/100 | Pokémon GO ~1/20,Yes (1/300 -> 1/100; applies to boss); n/a (GO has no Shiny Charm),5-star raids — shiny NEW ~Jul 2026 (RNG); ~1/20,No,No,—,Shiny huntable via Dynamax Adventures and (new 2026) GO raids.
Necrozma,VII,Legendary,—,Yes,Yes,Yes,"A (true hunt, current)","Pokémon GO, Sun/Moon/USUM, Sword/Shield (Crown Tundra)",Sword/Shield (Crown Tundra): Dynamax Adventure boss (soft-resettable reward) | Sun/Moon/USUM: Story static [LOCKED] | Pokémon GO: Legendary 5-star raid (RNG per raid),Sword/Shield (Crown Tundra) 1/300->1/100 | Pokémon GO ~1/20,Yes (1/300 -> 1/100; applies to boss); n/a (GO has no Shiny Charm),5-star raids (shiny since Aug 2025) — RNG; ~1/20,No,No,Dusk Mane / Dawn Wings (fusions with Solgaleo/Lunala) & Ultra Necrozma — shiny via base Necrozma,Main-series locked; huntable via Dynamax Adventures and GO raids.
Magearna,VII,Mythical,—,No,No,No,D (shiny unavailable),QR distribution / HOME,QR distribution / HOME: Serial / dex reward [LOCKED],n/a,n/a,Not in Pokémon GO.,No,No,—,"No legitimate shiny Magearna. The HOME National-Dex reward is Original-Color Magearna (a form), NOT a shiny. SHINY UNAVAILABLE."
Marshadow,VII,Mythical,—,No,No,No,D (shiny unavailable),Distribution / GO,Distribution / GO: Serial / research [LOCKED],n/a,n/a,In GO (research); shiny NOT released.,No,No,—,No legitimate shiny Marshadow as of Aug 2026. SHINY UNAVAILABLE.
Zeraora,VII,Mythical,—,Yes,No,No,C (event distribution only),"Other distributions / GO, Pokémon HOME (2020)",Pokémon HOME (2020): Raid-milestone Mystery Gift (guaranteed shiny) | Other distributions / GO: Serial / raids [LOCKED],n/a,n/a,In GO (GO Fest 2026); shiny NOT released.,No,Yes,—,"Correction: a legit shiny Zeraora EXISTS via the 2020 Pokémon HOME raid-milestone distribution (guaranteed, event over) — but it is NOT RNG-huntable. Not shiny in GO as of Aug 2026."
Meltan,VII,Mythical,—,Yes,Yes,Yes,"A (true hunt, current)","Pokémon GO, Pokémon HOME","Pokémon GO: Mystery Box (RNG, timed windows) | Pokémon HOME: Shiny Meltan dex-completion Mystery Gift (guaranteed shiny)",Pokémon GO ~1/125 | Pokémon HOME 100% (guaranteed),n/a,Mystery Box (shiny since Feb 5 2019) — RNG during shiny windows; ~1/125,Yes,No,—,Mythical with a real RNG hunt (Mystery Box). Also a guaranteed HOME dex reward since Feb 2025.
Melmetal,VII,Mythical,—,Yes,Yes,Yes,"A (true hunt, current)",Pokémon GO,Pokémon GO: Evolve a shiny Meltan (400 candy),Pokémon GO ~1/125,n/a,Evolve shiny Meltan (RNG via Mystery Box). ~1/125 at the Meltan step.,No,No,—,"Evolution case: not encountered directly — hunt shiny Meltan, then evolve."
Zacian,VIII,Legendary,—,Yes,Yes,Yes,"A (true hunt, current)","Pokémon GO, Sword/Shield",Sword/Shield: Story static [LOCKED] | Pokémon GO: Legendary 5-star raid (RNG per raid),Pokémon GO ~1/20,n/a (GO has no Shiny Charm),5-star raids (shiny since Sep 2024) — RNG; ~1/20,No,No,Hero of Many Battles & Crowned Sword — shiny carries across the form change,Main-series locked; the RNG hunt is GO raids.
Zamazenta,VIII,Legendary,—,Yes,Yes,Yes,"A (true hunt, current)","Pokémon GO, Sword/Shield",Sword/Shield: Story static [LOCKED] | Pokémon GO: Legendary 5-star raid (RNG per raid),Pokémon GO ~1/20,n/a (GO has no Shiny Charm),5-star raids (shiny since Oct 2024) — RNG; ~1/20,No,No,Hero of Many Battles & Crowned Shield — shiny carries across the form change,Main-series locked; RNG hunt is GO raids.
Eternatus,VIII,Legendary,—,No,No,No,D (shiny unavailable),Sword/Shield / GO,Sword/Shield / GO: Story static / raids [LOCKED],n/a,n/a,In GO (raids since Aug 2025); shiny NOT released.,No,No,—,No legitimate shiny Eternatus as of Aug 2026. SHINY UNAVAILABLE.
Kubfu,VIII,Legendary,—,No,No,No,D (shiny unavailable),Sword/Shield (Isle of Armor) / GO,Sword/Shield (Isle of Armor) / GO: Gift / research [LOCKED],n/a,n/a,In GO; shiny NOT available.,No,No,—,Classification debated (some group with Legendaries). Shiny UNAVAILABLE.
Urshifu,VIII,Legendary,—,No,No,No,D (shiny unavailable),Sword/Shield (Isle of Armor) / GO,Sword/Shield (Isle of Armor) / GO: Evolves from Kubfu [LOCKED],n/a,n/a,In GO; shiny NOT available.,No,No,Single Strike & Rapid Strike Style — both shiny-locked (from the locked Kubfu),Shiny UNAVAILABLE (only from shiny-locked Kubfu).
Regieleki,VIII,Legendary,—,Yes,Yes,Yes,"A (true hunt, current)","Pokémon GO, Sword/Shield (Crown Tundra)",Sword/Shield (Crown Tundra): Split-Decision Ruins static (soft-reset) | Pokémon GO: Legendary 5-star raid (RNG per raid),Sword/Shield (Crown Tundra) 1/4096->1/1365 | Pokémon GO ~1/20,Yes (1/4096 -> 1/1365); n/a (GO has no Shiny Charm),5-star raids (shiny since Nov 2024) — RNG; ~1/20,No,No,—,One of only two SwSh-introduced legendaries that can be shiny (with Regidrago). Static soft-reset.
Regidrago,VIII,Legendary,—,Yes,Yes,Yes,"A (true hunt, current)",Sword/Shield (Crown Tundra),Sword/Shield (Crown Tundra): Split-Decision Ruins static (soft-reset),Sword/Shield (Crown Tundra) 1/4096->1/1365,Yes (1/4096 -> 1/1365),In GO; shiny not confirmed released (as of Aug 2026).,No,No,—,Shiny huntable via SwSh Split-Decision Ruins soft-reset. GO shiny status uncertain/unreleased.
Glastrier,VIII,Legendary,—,No,No,No,D (shiny unavailable),Sword/Shield (Crown Tundra) / GO,Sword/Shield (Crown Tundra) / GO: Story static / raids [LOCKED],n/a,n/a,In GO; shiny NOT released.,No,No,—,No legitimate shiny as of Aug 2026. SHINY UNAVAILABLE.
Spectrier,VIII,Legendary,—,No,No,No,D (shiny unavailable),Sword/Shield (Crown Tundra) / GO,Sword/Shield (Crown Tundra) / GO: Story static / raids [LOCKED],n/a,n/a,In GO; shiny NOT released.,No,No,—,No legitimate shiny as of Aug 2026. SHINY UNAVAILABLE.
Calyrex,VIII,Legendary,—,No,No,No,D (shiny unavailable),Sword/Shield (Crown Tundra) / GO,Sword/Shield (Crown Tundra) / GO: Gift / raids [LOCKED],n/a,n/a,In GO; shiny NOT released.,No,No,Ice Rider / Shadow Rider (fusions with Glastrier/Spectrier) — all shiny-unavailable,No legitimate shiny as of Aug 2026. SHINY UNAVAILABLE.
Enamorus,VIII,Legendary,—,No,No,No,D (shiny unavailable),Legends: Arceus / GO,Legends: Arceus / GO: Story static / Elite Raids [LOCKED],n/a,n/a,In GO (Elite Raids); shiny NOT released.,No,No,Incarnate & Therian — both shiny-unavailable as of Aug 2026 (GO shiny not released),Fourth Force of Nature. No legitimate shiny as of Aug 2026. SHINY UNAVAILABLE.
Zarude,VIII,Mythical,—,No,No,No,D (shiny unavailable),Distribution / GO,Distribution / GO: Serial / event [LOCKED],n/a,n/a,In GO (non-shiny); shiny NOT released.,No,No,—,No legitimate shiny Zarude anywhere as of Aug 2026. SHINY UNAVAILABLE.
Koraidon,IX,Legendary,—,Yes,No,No,C (event distribution only),"Distribution (GameStop/EB code), Scarlet/Violet",Scarlet/Violet: Story ride legendary [LOCKED] | Distribution (GameStop/EB code): Serial-code gift (guaranteed shiny),n/a,n/a,Not in Pokémon GO.,No,Yes,—,Shiny exists ONLY via the 2025 guaranteed retail-code distribution (Sep 26–Oct 15 2025). Never RNG-huntable.
Miraidon,IX,Legendary,—,Yes,No,No,C (event distribution only),"Distribution (GameStop/EB code), Scarlet/Violet",Scarlet/Violet: Story ride legendary [LOCKED] | Distribution (GameStop/EB code): Serial-code gift (guaranteed shiny),n/a,n/a,Not in Pokémon GO.,No,Yes,—,Shiny exists ONLY via the 2025 guaranteed retail-code distribution (Sep 26–Oct 15 2025). Never RNG-huntable.
Wo-Chien,IX,Legendary,—,No,No,No,D (shiny unavailable),Scarlet/Violet,Scarlet/Violet: Unbound-stakes static [LOCKED],n/a,n/a,Not in Pokémon GO.,No,No,—,Treasures of Ruin. No legitimate shiny as of Aug 2026. SHINY UNAVAILABLE.
Chien-Pao,IX,Legendary,—,No,No,No,D (shiny unavailable),Scarlet/Violet,Scarlet/Violet: Unbound-stakes static [LOCKED],n/a,n/a,Not in Pokémon GO.,No,No,—,Treasures of Ruin. No legitimate shiny as of Aug 2026. SHINY UNAVAILABLE.
Ting-Lu,IX,Legendary,—,No,No,No,D (shiny unavailable),Scarlet/Violet,Scarlet/Violet: Unbound-stakes static [LOCKED],n/a,n/a,Not in Pokémon GO.,No,No,—,Treasures of Ruin. No legitimate shiny as of Aug 2026. SHINY UNAVAILABLE.
Chi-Yu,IX,Legendary,—,No,No,No,D (shiny unavailable),Scarlet/Violet,Scarlet/Violet: Unbound-stakes static [LOCKED],n/a,n/a,Not in Pokémon GO.,No,No,—,Treasures of Ruin. No legitimate shiny as of Aug 2026. SHINY UNAVAILABLE.
Okidogi,IX,Legendary,—,No,No,No,D (shiny unavailable),Scarlet/Violet (Teal Mask),Scarlet/Violet (Teal Mask): Static [LOCKED],n/a,n/a,Not in Pokémon GO.,No,No,—,Loyal Three. No legitimate shiny as of Aug 2026. SHINY UNAVAILABLE.
Munkidori,IX,Legendary,—,No,No,No,D (shiny unavailable),Scarlet/Violet (Teal Mask),Scarlet/Violet (Teal Mask): Static [LOCKED],n/a,n/a,Not in Pokémon GO.,No,No,—,Loyal Three. No legitimate shiny as of Aug 2026. SHINY UNAVAILABLE.
Fezandipiti,IX,Legendary,—,No,No,No,D (shiny unavailable),Scarlet/Violet (Teal Mask),Scarlet/Violet (Teal Mask): Static [LOCKED],n/a,n/a,Not in Pokémon GO.,No,No,—,Loyal Three. No legitimate shiny as of Aug 2026. SHINY UNAVAILABLE.
Ogerpon,IX,Legendary,—,No,No,No,D (shiny unavailable),Scarlet/Violet (Teal Mask),Scarlet/Violet (Teal Mask): Gift [LOCKED],n/a,n/a,Not in Pokémon GO.,No,No,Teal / Wellspring / Hearthflame / Cornerstone Mask — all shiny-locked,No legitimate shiny as of Aug 2026. SHINY UNAVAILABLE.
Terapagos,IX,Legendary,—,No,No,No,D (shiny unavailable),Scarlet/Violet (Indigo Disk),Scarlet/Violet (Indigo Disk): Story gift [LOCKED],n/a,n/a,Not in Pokémon GO.,No,No,Normal / Terastal / Stellar Forme — shiny-locked,No legitimate shiny as of Aug 2026. SHINY UNAVAILABLE.
Pecharunt,IX,Mythical,—,No,No,No,D (shiny unavailable),Scarlet/Violet (Mochi Mayhem),Scarlet/Violet (Mochi Mayhem): Epilogue static [LOCKED],n/a,n/a,Not in Pokémon GO.,No,No,—,No legitimate shiny as of Aug 2026. SHINY UNAVAILABLE.
Nihilego,VII,Ultra Beast,—,Yes,Yes,Yes,"A (true hunt, current)","Pokémon GO, Sword/Shield (Crown Tundra), Ultra Sun/Ultra Moon",Ultra Sun/Ultra Moon: Ultra Space Wilds static (soft-reset) | Sword/Shield (Crown Tundra): Dynamax Adventure boss (soft-resettable) | Pokémon GO: Legendary 5-star raid (RNG per raid),Ultra Sun/Ultra Moon 1/4096->1/1365 | Sword/Shield (Crown Tundra) 1/300->1/100 | Pokémon GO ~1/20,Yes (1/4096 -> 1/1365; wormhole DISTANCE does NOT boost legendary odds); Yes (1/300 -> 1/100); n/a (GO has no Shiny Charm),Ultra Beast raids (shiny since Jul 2024); ~1/20,No,No,—,"Ultra Beast (own class). Shiny-locked in SM; unlocked in USUM wormholes, Dynamax Adventures, and GO raids."
Buzzwole,VII,Ultra Beast,—,Yes,Yes,Yes,"A (true hunt, current)","Pokémon GO, Sword/Shield (Crown Tundra), Ultra Sun/Ultra Moon",Ultra Sun/Ultra Moon: Ultra Space Wilds static (soft-reset) | Sword/Shield (Crown Tundra): Dynamax Adventure boss (soft-resettable) | Pokémon GO: Legendary 5-star raid (RNG per raid),Ultra Sun/Ultra Moon 1/4096->1/1365 | Sword/Shield (Crown Tundra) 1/300->1/100 | Pokémon GO ~1/20,Yes (1/4096 -> 1/1365; wormhole DISTANCE does NOT boost legendary odds); Yes (1/300 -> 1/100); n/a (GO has no Shiny Charm),Ultra Beast raids (shiny since Jul 5 2024); ~1/20,No,No,—,"Ultra Beast (own class). Shiny-locked in SM; unlocked in USUM wormholes, Dynamax Adventures, and GO raids."
Pheromosa,VII,Ultra Beast,—,Yes,Yes,Yes,"A (true hunt, current)","Pokémon GO, Sword/Shield (Crown Tundra), Ultra Sun/Ultra Moon",Ultra Sun/Ultra Moon: Ultra Space Wilds static (soft-reset) | Sword/Shield (Crown Tundra): Dynamax Adventure boss (soft-resettable) | Pokémon GO: Legendary 5-star raid (RNG per raid),Ultra Sun/Ultra Moon 1/4096->1/1365 | Sword/Shield (Crown Tundra) 1/300->1/100 | Pokémon GO ~1/20,Yes (1/4096 -> 1/1365; wormhole DISTANCE does NOT boost legendary odds); Yes (1/300 -> 1/100); n/a (GO has no Shiny Charm),Ultra Beast raids (shiny since Jun 14 2024); ~1/20,No,No,—,"Ultra Beast (own class). Shiny-locked in SM; unlocked in USUM wormholes, Dynamax Adventures, and GO raids."
Xurkitree,VII,Ultra Beast,—,Yes,Yes,Yes,"A (true hunt, current)","Pokémon GO, Sword/Shield (Crown Tundra), Ultra Sun/Ultra Moon",Ultra Sun/Ultra Moon: Ultra Space Wilds static (soft-reset) | Sword/Shield (Crown Tundra): Dynamax Adventure boss (soft-resettable) | Pokémon GO: Legendary 5-star raid (RNG per raid),Ultra Sun/Ultra Moon 1/4096->1/1365 | Sword/Shield (Crown Tundra) 1/300->1/100 | Pokémon GO ~1/20,Yes (1/4096 -> 1/1365; wormhole DISTANCE does NOT boost legendary odds); Yes (1/300 -> 1/100); n/a (GO has no Shiny Charm),Ultra Beast raids (shiny since May 30 2024); ~1/20,No,No,—,"Ultra Beast (own class). Shiny-locked in SM; unlocked in USUM wormholes, Dynamax Adventures, and GO raids."
Celesteela,VII,Ultra Beast,—,Yes,Yes,Yes,"A (true hunt, current)","Pokémon GO, Sword/Shield (Crown Tundra), Ultra Sun/Ultra Moon",Ultra Sun/Ultra Moon: Ultra Space Wilds static (soft-reset) | Sword/Shield (Crown Tundra): Dynamax Adventure boss (soft-resettable) | Pokémon GO: Legendary 5-star raid (RNG per raid),Ultra Sun/Ultra Moon 1/4096->1/1365 | Sword/Shield (Crown Tundra) 1/300->1/100 | Pokémon GO ~1/20,Yes (1/4096 -> 1/1365; wormhole DISTANCE does NOT boost legendary odds); Yes (1/300 -> 1/100); n/a (GO has no Shiny Charm),Ultra Beast raids (shiny since Jul 2024); ~1/20,No,No,—,"Ultra Beast (own class). Shiny-locked in SM; unlocked in USUM wormholes, Dynamax Adventures, and GO raids."
Kartana,VII,Ultra Beast,—,Yes,Yes,Yes,"A (true hunt, current)","Pokémon GO, Sword/Shield (Crown Tundra), Ultra Sun/Ultra Moon",Ultra Sun/Ultra Moon: Ultra Space Wilds static (soft-reset) | Sword/Shield (Crown Tundra): Dynamax Adventure boss (soft-resettable) | Pokémon GO: Legendary 5-star raid (RNG per raid),Ultra Sun/Ultra Moon 1/4096->1/1365 | Sword/Shield (Crown Tundra) 1/300->1/100 | Pokémon GO ~1/20,Yes (1/4096 -> 1/1365; wormhole DISTANCE does NOT boost legendary odds); Yes (1/300 -> 1/100); n/a (GO has no Shiny Charm),Ultra Beast raids (shiny since Jul 2024); ~1/20,No,No,—,"Ultra Beast (own class). Shiny-locked in SM; unlocked in USUM wormholes, Dynamax Adventures, and GO raids."
Guzzlord,VII,Ultra Beast,—,Yes,Yes,Yes,"A (true hunt, current)","Pokémon GO, Sword/Shield (Crown Tundra), Ultra Sun/Ultra Moon",Ultra Sun/Ultra Moon: Ultra Space Wilds static (soft-reset) | Sword/Shield (Crown Tundra): Dynamax Adventure boss (soft-resettable) | Pokémon GO: Legendary 5-star raid (RNG per raid),Ultra Sun/Ultra Moon 1/4096->1/1365 | Sword/Shield (Crown Tundra) 1/300->1/100 | Pokémon GO ~1/20,Yes (1/4096 -> 1/1365; wormhole DISTANCE does NOT boost legendary odds); Yes (1/300 -> 1/100); n/a (GO has no Shiny Charm),Ultra Beast raids (shiny since Jul 2024); ~1/20,No,No,—,"Ultra Beast (own class). Shiny-locked in SM; unlocked in USUM wormholes, Dynamax Adventures, and GO raids."
Stakataka,VII,Ultra Beast,—,Yes,Yes,Yes,"A (true hunt, current)","Pokémon GO, Sword/Shield (Crown Tundra), Ultra Sun/Ultra Moon",Ultra Sun/Ultra Moon: Ultra Space Wilds static (soft-reset) | Sword/Shield (Crown Tundra): Dynamax Adventure boss (soft-resettable) | Pokémon GO: Legendary 5-star raid (RNG per raid),Ultra Sun/Ultra Moon 1/4096->1/1365 | Sword/Shield (Crown Tundra) 1/300->1/100 | Pokémon GO ~1/20,Yes (1/4096 -> 1/1365; wormhole DISTANCE does NOT boost legendary odds); Yes (1/300 -> 1/100); n/a (GO has no Shiny Charm),Ultra Beast raids (shiny since Apr 2025); ~1/20,No,No,—,"Ultra Beast (own class). Shiny-locked in SM; unlocked in USUM wormholes, Dynamax Adventures, and GO raids."
Blacephalon,VII,Ultra Beast,—,Yes,Yes,Yes,"A (true hunt, current)","Pokémon GO, Sword/Shield (Crown Tundra), Ultra Sun/Ultra Moon",Ultra Sun/Ultra Moon: Ultra Space Wilds static (soft-reset) | Sword/Shield (Crown Tundra): Dynamax Adventure boss (soft-resettable) | Pokémon GO: Legendary 5-star raid (RNG per raid),Ultra Sun/Ultra Moon 1/4096->1/1365 | Sword/Shield (Crown Tundra) 1/300->1/100 | Pokémon GO ~1/20,Yes (1/4096 -> 1/1365; wormhole DISTANCE does NOT boost legendary odds); Yes (1/300 -> 1/100); n/a (GO has no Shiny Charm),Ultra Beast raids (shiny since Apr 2025); ~1/20,No,No,—,"Ultra Beast (own class). Shiny-locked in SM; unlocked in USUM wormholes, Dynamax Adventures, and GO raids."
Poipole,VII,Ultra Beast,—,No,No,No,D (shiny unavailable),USUM / GO,USUM / GO: Gift / research [LOCKED],n/a,n/a,In GO; shiny-LOCKED.,No,No,—,Ultra Beast. Shiny UNAVAILABLE (shiny-locked in both USUM and GO).
Naganadel,VII,Ultra Beast,—,No,No,No,D (shiny unavailable),USUM / GO,USUM / GO: Evolves from Poipole [LOCKED],n/a,n/a,In GO; shiny-LOCKED.,No,No,—,Ultra Beast. Shiny UNAVAILABLE (only from shiny-locked Poipole).
Galarian Articuno,VIII,Legendary,Articuno,Yes,Yes,Yes,"A (true hunt, current)","Pokémon GO, Sword/Shield (Crown Tundra)",Sword/Shield (Crown Tundra): Roaming static (Legendary Clue 1) [LOCKED] | Pokémon GO: Daily Adventure Incense wild spawn (RNG),Pokémon GO ~1/20 per encounter,n/a (GO has no Shiny Charm),"Daily Adventure Incense wild (shiny since Oct 2024) — RNG, wild-only (not raids)",No,No,—,"Galarian form of Articuno (Psychic/Flying) — a distinct Pokémon introduced in Gen VIII, NOT the Kanto bird. Main-series Crown Tundra roamer is shiny-locked; the ONLY shiny route is Pokémon GO Daily Adventure Incense wild spawns."
Galarian Zapdos,VIII,Legendary,Zapdos,Yes,Yes,Yes,"A (true hunt, current)","Pokémon GO, Sword/Shield (Crown Tundra)",Sword/Shield (Crown Tundra): Roaming static (Legendary Clue 1) [LOCKED] | Pokémon GO: Daily Adventure Incense wild spawn (RNG),Pokémon GO ~1/20 per encounter,n/a (GO has no Shiny Charm),"Daily Adventure Incense wild (shiny since Oct 2024) — RNG, wild-only (not raids)",No,No,—,"Galarian form of Zapdos (Fighting/Flying) — a distinct Pokémon introduced in Gen VIII, NOT the Kanto bird. Main-series Crown Tundra roamer is shiny-locked; the ONLY shiny route is Pokémon GO Daily Adventure Incense wild spawns."
Galarian Moltres,VIII,Legendary,Moltres,Yes,Yes,Yes,"A (true hunt, current)","Pokémon GO, Sword/Shield (Crown Tundra)",Sword/Shield (Crown Tundra): Roaming static (Legendary Clue 1) [LOCKED] | Pokémon GO: Daily Adventure Incense wild spawn (RNG),Pokémon GO ~1/20 per encounter,n/a (GO has no Shiny Charm),"Daily Adventure Incense wild (shiny since Oct 2024) — RNG, wild-only (not raids)",No,No,—,"Galarian form of Moltres (Dark/Flying) — a distinct Pokémon introduced in Gen VIII, NOT the Kanto bird. Main-series Crown Tundra roamer is shiny-locked; the ONLY shiny route is Pokémon GO Daily Adventure Incense wild spawns."
Deoxys (Attack Forme),III,Mythical,Deoxys,Yes,Yes,Yes,"A (true hunt, current)","FireRed (Gen 3), Pokémon GO",Pokémon GO: Raid — this Forme (RNG) | FireRed (Gen 3): Birth Island static (soft-reset),Pokémon GO ~1/20 | FireRed (Gen 3) 1/8192,n/a (GO has no Shiny Charm); No charm pre-Gen6,Forme-specific raids (shiny since Feb 19 2022) — RNG; ~1/20,No,No,—,Alternate Forme of Deoxys — a separate shiny collectible in GO (own release date). In the main series the Forme is fixed by game/meteorite.
Deoxys (Defense Forme),III,Mythical,Deoxys,Yes,Yes,Yes,"A (true hunt, current)","LeafGreen (Gen 3), Pokémon GO",Pokémon GO: Raid — this Forme (RNG) | LeafGreen (Gen 3): Birth Island static (soft-reset),Pokémon GO ~1/20 | LeafGreen (Gen 3) 1/8192,n/a (GO has no Shiny Charm); No charm pre-Gen6,Forme-specific raids (shiny since Feb 22 2022) — RNG; ~1/20,No,No,—,Alternate Forme of Deoxys — a separate shiny collectible in GO (own release date). In the main series the Forme is fixed by game/meteorite.
Deoxys (Speed Forme),III,Mythical,Deoxys,Yes,Yes,Yes,"A (true hunt, current)","Emerald (Gen 3), Pokémon GO",Pokémon GO: Raid — this Forme (RNG) | Emerald (Gen 3): Birth Island static (soft-reset),Pokémon GO ~1/20 | Emerald (Gen 3) 1/8192,n/a (GO has no Shiny Charm); No charm pre-Gen6,Forme-specific raids (shiny since Feb 25 2022) — RNG; ~1/20,No,No,—,Alternate Forme of Deoxys — a separate shiny collectible in GO (own release date). In the main series the Forme is fixed by game/meteorite.
Giratina (Origin Forme),IV,Legendary,Giratina,Yes,Yes,Yes,"A (true hunt, current)","Platinum/BDSP/SwSh/PLA, Pokémon GO",Pokémon GO: Raid — Origin Forme (RNG) | Platinum/BDSP/SwSh/PLA: Form change (Griseous Orb/Core),Pokémon GO ~1/20,n/a (GO has no Shiny Charm); Same shiny as the base — huntable via DA/USUM/Ramanas Park,Origin Forme raids — RNG; ~1/20,No,No,—,Separate shiny raid boss in GO; in the main series it's a Griseous Orb/Core form-change of your Giratina.
Dialga (Origin Forme),IV,Legendary,Dialga,Yes,Yes,Yes,"A (true hunt, current)","Legends: Arceus (Adamant Crystal), Pokémon GO",Pokémon GO: Raid — Origin Forme (RNG) | Legends: Arceus (Adamant Crystal): Origin form-change [LOCKED],Pokémon GO ~1/20,n/a (GO has no Shiny Charm),Origin Forme raids — RNG; ~1/20,No,No,—,"GO-ONLY shiny. Unlike Giratina, a shiny Origin Dialga can only come from Pokémon GO: the Adamant Crystal is PLA-exclusive and the PLA Dialga is shiny-locked, so it can't be paired with a huntable shiny."
Palkia (Origin Forme),IV,Legendary,Palkia,Yes,Yes,Yes,"A (true hunt, current)","Legends: Arceus (Lustrous Globe), Pokémon GO",Pokémon GO: Raid — Origin Forme (RNG) | Legends: Arceus (Lustrous Globe): Origin form-change [LOCKED],Pokémon GO ~1/20,n/a (GO has no Shiny Charm),Origin Forme raids — RNG; ~1/20,No,No,—,"GO-ONLY shiny. Unlike Giratina, a shiny Origin Palkia can only come from Pokémon GO: the Lustrous Globe is PLA-exclusive and the PLA Palkia is shiny-locked, so it can't be paired with a huntable shiny."
Tornadus (Therian Forme),V,Legendary,Tornadus,Yes,Yes,Yes,"A (true hunt, current)","Black2/White2 onward (Reveal Glass), Pokémon GO",Pokémon GO: Raid — Therian Forme (RNG) | Black2/White2 onward (Reveal Glass): Form change (Reveal Glass),Pokémon GO ~1/20,n/a (GO has no Shiny Charm); Same shiny as the base — huntable via Dynamax Adventures / SwSh roamer / GO,Therian Forme raids (shiny since Mar 15 2022) — RNG; ~1/20,No,No,—,Separate shiny raid boss in GO; in the main series it's a Reveal Glass form-change of the Incarnate forme.
Thundurus (Therian Forme),V,Legendary,Thundurus,Yes,Yes,Yes,"A (true hunt, current)","Black2/White2 onward (Reveal Glass), Pokémon GO",Pokémon GO: Raid — Therian Forme (RNG) | Black2/White2 onward (Reveal Glass): Form change (Reveal Glass),Pokémon GO ~1/20,n/a (GO has no Shiny Charm); Same shiny as the base — huntable via Dynamax Adventures / SwSh roamer / GO,Therian Forme raids (shiny since Apr 5 2022) — RNG; ~1/20,No,No,—,Separate shiny raid boss in GO; in the main series it's a Reveal Glass form-change of the Incarnate forme.
Landorus (Therian Forme),V,Legendary,Landorus,Yes,Yes,Yes,"A (true hunt, current)","Black2/White2 onward (Reveal Glass), Pokémon GO",Pokémon GO: Raid — Therian Forme (RNG) | Black2/White2 onward (Reveal Glass): Form change (Reveal Glass),Pokémon GO ~1/20,n/a (GO has no Shiny Charm); Same shiny as the base — huntable via Dynamax Adventures / SwSh roamer / GO,Therian Forme raids (shiny since Apr 26 2022) — RNG; ~1/20,No,No,—,Separate shiny raid boss in GO; in the main series it's a Reveal Glass form-change of the Incarnate forme.
